movie;openinggross;theathers;runtimeMinutes;genres;director_identifier;primaryProfession
Avengers: Endgame;$357,115,007;4,662;181;Action,Adventure,Drama;nm0751577,nm0751648;NA
Spider-Man: No Way Home;$260,138,569;4,336;148;Action,Adventure,Fantasy;nm1218281;director,producer,writer
Avengers: Infinity War;$257,698,183;4,474;149;Action,Adventure,Sci-Fi;nm0751577,nm0751648;NA
Star Wars: Episode VII - The Force Awakens;$247,966,675;4,134;138;Action,Adventure,Sci-Fi;nm0009190;producer,writer,music_department
Star Wars: Episode VIII - The Last Jedi;$220,009,584;4,232;152;Action,Adventure,Fantasy;nm0426059;producer,writer,director
Jurassic World;$208,806,270;4,274;124;Action,Adventure,Sci-Fi;nm1119880;producer,writer,director
The Avengers;$207,438,708;4,349;98;Drama,War;nm0294094;director,actor,writer
Black Panther;$202,003,951;4,020;134;Action,Adventure,Sci-Fi;nm3363032;producer,director,writer
The Lion King;$191,770,759;4,725;88;Adventure,Animation,Drama;nm0591450,nm0021249;NA
Avengers: Age of Ultron;$191,271,109;4,276;141;Action,Adventure,Sci-Fi;nm0923736;writer,producer,director
Doctor Strange in the Multiverse of Madness;$187,420,998;4,534;126;Action,Adventure,Fantasy;nm0000600;producer,writer,actor
Incredibles 2;$182,687,905;4,410;118;Action,Adventure,Animation;nm0083348;miscellaneous,writer,director
Black Panther: Wakanda Forever;$181,339,761;4,396;161;Action,Adventure,Drama;nm3363032;producer,director,writer
Captain America: Civil War;$179,139,142;4,226;147;Action,Sci-Fi;nm0751648,nm0751577;NA
Star Wars: Episode IX - The Rise of Skywalker;$177,383,864;4,406;141;Action,Adventure,Fantasy;nm0009190;producer,writer,music_department
Beauty and the Beast;$174,750,616;4,210;96;Drama,Fantasy,Romance;nm0168413,nm0167496;NA
Iron Man 3;$174,144,585;4,253;130;Action,Adventure,Sci-Fi;nm0000948;writer,actor,director
Harry Potter and the Deathly Hallows: Part 2;$169,189,427;4,375;130;Adventure,Family,Fantasy;nm0946734;director,producer,writer
Batman v Superman: Dawn of Justice;$166,007,347;4,242;151;Action,Adventure,Sci-Fi;nm0811583;director,producer,writer
Barbie;$162,022,044;4,243;NA;\N;nm0037874;writer,director,producer
The Dark Knight Rises;$160,887,295;4,404;164;Action,Drama,Thriller;nm0634240;writer,producer,director
The Dark Knight;$158,411,483;4,366;152;Action,Crime,Drama;nm0634240;writer,producer,director
The Hunger Games: Catching Fire;$158,074,286;4,163;146;Action,Adventure,Sci-Fi;nm1349376;director,producer,camera_department
Rogue One: A Star Wars Story;$155,081,681;4,157;133;Action,Adventure,Sci-Fi;nm2284484;visual_effects,director,writer
Captain Marvel;$153,433,423;4,310;123;Action,Adventure,Sci-Fi;nm1349818,nm0281396;NA
The Hunger Games;$152,535,747;4,137;142;Action,Adventure,Sci-Fi;nm0002657;writer,producer,director
Spider-Man 3;$151,116,516;4,252;139;Action,Adventure,Sci-Fi;nm0000600;producer,writer,actor
Jurassic World: Fallen Kingdom;$148,024,610;4,475;128;Action,Adventure,Sci-Fi;nm1291105;director,producer,writer
Furious 7;$147,187,040;4,004;137;Action,Crime,Thriller;nm1490123;producer,writer,director
Guardians of the Galaxy Vol. 2;$146,510,104;4,347;136;Action,Adventure,Comedy;nm0348181;writer,producer,director
The Super Mario Bros. Movie;$146,361,865;4,343;92;Adventure,Animation,Comedy;nm2966857,nm1739338,nm2398585,nm6042133;NA
Jurassic World Dominion;$145,075,625;4,676;147;Action,Adventure,Sci-Fi;nm1119880;producer,writer,director
Thor: Love and Thunder;$144,165,107;4,375;118;Action,Adventure,Comedy;nm0169806;producer,writer,actor
The Twilight Saga: New Moon;$142,839,137;4,024;130;Adventure,Drama,Fantasy;nm0919363;producer,writer,director
The Twilight Saga: Breaking Dawn - Part 2;$141,067,634;4,070;115;Adventure,Drama,Fantasy;nm0174374;director,writer,producer
The Twilight Saga: Breaking Dawn - Part 1;$138,122,261;4,061;117;Adventure,Drama,Fantasy;nm0174374;director,writer,producer
Pirates of the Caribbean: Dead Man's Chest;$135,634,554;4,133;151;Action,Adventure,Fantasy;nm0893659;director,producer,writer
Finding Dory;$135,060,273;4,305;97;Adventure,Animation,Comedy;nm0004056,nm0533691;NA
Avatar: The Way of Water;$134,100,226;4,202;192;Action,Adventure,Fantasy;nm0000116;writer,producer,director
The Batman;$134,008,624;4,417;176;Action,Crime,Drama;nm0716257;producer,writer,director
Suicide Squad;$133,682,248;4,255;58;Action,Drama,Romance;nm1262881;director,writer,camera_department
Deadpool;$132,434,639;3,558;108;Action,Comedy;nm1783265;producer,writer,director
Frozen II;$130,263,358;4,440;103;Adventure,Animation,Comedy;nm0118333,nm1601644;NA
Iron Man 2;$128,122,480;4,380;124;Action,Sci-Fi;nm0269463;producer,actor,writer
Top Gun: Maverick;$126,707,459;4,735;130;Action,Drama;nm2676052;director,producer,writer
Deadpool 2;$125,507,153;4,349;119;Action,Adventure,Comedy;nm0500610;stunts,producer,actor
Harry Potter and the Deathly Hallows: Part 1;$125,017,372;4,125;146;Adventure,Family,Fantasy;nm0946734;director,producer,writer
It;$123,403,419;4,103;72;Comedy,Romance;nm0903049,nm0046082;NA
Thor: Ragnarok;$122,744,989;4,080;130;Action,Adventure,Comedy;nm0169806;producer,writer,actor
The Hunger Games: Mockingjay - Part 1;$121,897,634;4,151;123;Action,Adventure,Sci-Fi;nm1349376;director,producer,camera_department
Shrek the Third;$121,629,270;4,122;93;Adventure,Animation,Comedy;nm1844237,nm0401203;NA
Toy Story 4;$120,908,065;4,575;100;Adventure,Animation,Comedy;nm2155757;actor,writer,director
Spider-Man: Across the Spider-Verse;$120,663,589;4,313;140;Action,Adventure,Animation;nm1690966,nm5358492,nm1042511;NA
Guardians of the Galaxy Vol. 3;$118,414,021;4,450;150;Action,Adventure,Comedy;nm0348181;writer,producer,director
Spider-Man: Homecoming;$117,027,503;4,348;133;Action,Adventure,Sci-Fi;nm1218281;director,producer,writer
Man of Steel;$116,619,362;4,207;85;Drama,Family,Fantasy;nm0049294;writer,director,actor
Alice in Wonderland;$116,101,023;3,728;52;Adventure,Family,Fantasy;nm0950148;director,writer,editor
Minions;$115,718,405;4,301;91;Adventure,Animation,Comedy;nm1853544,nm0049633;NA
Spider-Man;$114,844,116;3,615;121;Action,Adventure,Sci-Fi;nm0000600;producer,writer,actor
Pirates of the Caribbean: At World's End;$114,732,820;4,362;169;Action,Adventure,Fantasy;nm0893659;director,producer,writer
Toy Story 3;$110,307,189;4,028;103;Adventure,Animation,Comedy;nm0881279;editorial_department,editor,miscellaneous
Transformers: Revenge of the Fallen;$108,966,307;4,234;149;Action,Adventure,Sci-Fi;nm0000881;producer,director,actor
Star Wars: Episode III - Revenge of the Sith;$108,435,841;3,661;140;Action,Adventure,Fantasy;nm0000184;writer,producer,director
Shrek 2;$108,037,878;4,163;93;Adventure,Animation,Comedy;nm0011470,nm0038432,nm0970447;NA
Minions: The Rise of Gru;$107,010,140;4,391;87;Adventure,Animation,Comedy;nm1556070,nm3646390,nm0049633;NA
Ant-Man and the Wasp: Quantumania;$106,109,650;4,345;124;Action,Adventure,Comedy;nm0715636;director,producer,actor
The Secret Life of Pets;$104,352,905;4,370;87;Adventure,Animation,Comedy;nm0719208;producer,actor,director
The Jungle Book;$103,261,464;4,028;108;Action,Adventure,Family;nm0466113;director,producer,writer
Wonder Woman;$103,251,471;4,165;141;Action,Adventure,Fantasy;nm0420941;director,producer,writer
X-Men: The Last Stand;$102,750,665;3,690;104;Action,Adventure,Sci-Fi;nm0711840;producer,director,music_department
Harry Potter and the Goblet of Fire;$102,685,961;3,858;157;Adventure,Family,Fantasy;nm0001565;director,producer,executive
The Hunger Games: Mockingjay - Part 2;$102,665,981;4,175;137;Action,Adventure,Sci-Fi;nm1349376;director,producer,camera_department
Indiana Jones and the Kingdom of the Crystal Skull;$100,137,835;4,260;122;Action,Adventure;nm0000229;producer,writer,director
Transformers: Age of Extinction;$100,038,390;4,233;165;Action,Adventure,Sci-Fi;nm0000881;producer,director,actor
The Fate of the Furious;$98,786,705;4,310;136;Action,Crime,Thriller;nm0336620;director,producer,actor
Iron Man;$98,618,668;4,105;82;Drama,Film-Noir,Sport;nm0678928;director,actor,producer
Transformers: Dark of the Moon;$97,852,865;4,088;154;Action,Adventure,Sci-Fi;nm0000881;producer,director,actor
Fast & Furious 6;$97,375,245;3,658;130;Action,Adventure,Crime;nm0510912;producer,director,writer
Joker;$96,202,337;4,374;108;Comedy,Crime;nm0526265;director,editor,writer
The Little Mermaid;$95,578,040;4,320;68;Adventure,Animation,Drama;nm0717452,nm0441540;NA
Captain America: The Winter Soldier;$95,023,721;3,938;136;Action,Adventure,Sci-Fi;nm0751577,nm0751648;NA
Guardians of the Galaxy;$94,320,883;4,080;121;Action,Adventure,Comedy;nm0348181;writer,producer,director
Justice League;$93,842,239;4,051;120;Action,Adventure,Fantasy;nm0811583;director,producer,writer
Harry Potter and the Prisoner of Azkaban;$93,687,367;3,855;142;Adventure,Family,Fantasy;nm0190859;producer,writer,director
Godzilla;$93,188,384;3,952;96;Horror,Sci-Fi;nm0393094;director,writer,assistant_director
Spider-Man: Far from Home;$92,579,212;4,634;129;Action,Adventure,Comedy;nm1218281;director,producer,writer
The Matrix Reloaded;$91,774,413;3,603;138;Action,Sci-Fi;nm0905152,nm0905154;NA
The Amazing Spider-Man 2;$91,608,337;4,324;142;Action,Adventure,Sci-Fi;nm1989536;producer,director,writer
Aladdin;$91,500,929;4,476;96;Adventure,Comedy,Fantasy;nm0179278;writer,director,soundtrack
It Chapter Two;$91,062,152;4,570;169;Drama,Fantasy,Horror;nm0615592;producer,director,writer
X-Men: Days of Future Past;$90,823,660;3,996;132;Action,Adventure,Sci-Fi;nm0001741;producer,director,actor
Inside Out;$90,440,272;3,946;97;Comedy,Crime,Thriller;nm0240439;director,writer,assistant_director
Harry Potter and the Sorcerer's Stone;$90,294,621;3,672;152;Adventure,Family,Fantasy;nm0001060;producer,writer,director
Pirates of the Caribbean: On Stranger Tides;$90,151,958;4,155;137;Action,Adventure,Fantasy;nm0551128;director,miscellaneous,producer
Venom: Let There Be Carnage;$90,033,210;4,225;97;Action,Sci-Fi,Thriller;nm0785227;actor,producer,director
Logan;$88,411,916;4,071;94;Comedy,Drama,Family;nm2433914,nm2490907;NA
Skyfall;$88,364,714;3,505;143;Action,Adventure,Thriller;nm0005222;producer,director,miscellaneous
Harry Potter and the Chamber of Secrets;$88,357,488;3,682;161;Adventure,Family,Fantasy;nm0001060;producer,writer,director
Spider-Man 2;$88,156,227;4,152;127;Action,Adventure,Sci-Fi;nm0000600;producer,writer,actor
Fast Five;$86,198,765;3,644;130;Action,Crime,Thriller;nm0510912;producer,director,writer
The Hangover Part II;$85,946,294;3,615;102;Comedy;nm0680846;producer,director,writer
Thor: The Dark World;$85,737,841;3,841;112;Action,Adventure,Fantasy;nm0851930;director,producer,writer
X2;$85,558,731;3,741;134;Action,Sci-Fi,Thriller;nm0001741;producer,director,actor
Fifty Shades of Grey;$85,171,450;3,646;125;Drama,Romance,Thriller;nm0853374;director,producer,writer
Doctor Strange;$85,058,311;3,882;115;Action,Adventure,Fantasy;nm0220600;producer,director,writer
X-Men Origins: Wolverine;$85,058,003;4,099;107;Action,Sci-Fi;nm0004303;actor,director,producer
The Hobbit: An Unexpected Journey;$84,617,303;4,045;169;Adventure,Fantasy;nm0001392;producer,director,writer
Solo: A Star Wars Story;$84,420,489;4,381;135;Action,Adventure,Sci-Fi;nm0000165;producer,actor,writer
The Passion of the Christ;$83,848,082;3,043;127;Drama;nm0000154;actor,producer,director
Despicable Me 2;$83,517,315;3,997;98;Adventure,Animation,Comedy;nm1853544,nm0719208;NA
Oppenheimer;$82,455,420;3,610;180;Biography,Drama,History;nm0634240;writer,producer,director
Monsters University;$82,429,469;4,004;104;Adventure,Animation,Comedy;nm0768959;miscellaneous,producer,art_department
Black Widow;$80,366,312;4,160;95;Drama,Film-Noir,Mystery;nm0425913;writer,producer,director
Venom;$80,255,756;4,250;93;Horror,Thriller;nm0001361,nm0353592;NA
Star Wars: Episode II - Attack of the Clones;$80,027,814;3,161;142;Action,Adventure,Fantasy;nm0000184;writer,producer,director
Oz the Great and Powerful;$79,110,453;3,912;130;Adventure,Family,Fantasy;nm0000600;producer,writer,actor
Harry Potter and the Half-Blood Prince;$77,835,727;4,325;153;Action,Adventure,Family;nm0946734;director,producer,writer
I Am Legend;$77,211,321;3,606;101;Action,Drama,Horror;nm1349376;director,producer,camera_department
Harry Potter and the Order of the Phoenix;$77,108,414;4,285;138;Action,Adventure,Family;nm0946734;director,producer,writer
The Da Vinci Code;$77,073,388;3,735;149;Mystery,Thriller;nm0000165;producer,actor,writer
Avatar;$77,025,481;3,452;NA;Drama;nm0040892;director,writer,actor
Halloween;$76,221,545;3,928;91;Horror,Thriller;nm0000118;soundtrack,writer,music_department
Ant-Man and the Wasp;$75,812,205;4,206;118;Action,Adventure,Comedy;nm0715636;director,producer,actor
Shang-Chi and the Legend of the Ten Rings;$75,388,688;4,300;132;Action,Adventure,Fantasy;nm2308774;producer,director,writer
Star Trek;$75,204,289;3,849;127;Action,Adventure,Sci-Fi;nm0009190;producer,writer,music_department
Zootopia;$75,063,401;3,827;108;Adventure,Animation,Comedy;nm0397174,nm1158544,nm0601781;NA
Fantastic Beasts and Where to Find Them;$74,403,387;4,144;132;Adventure,Family,Fantasy;nm0946734;director,producer,writer
The Simpsons Movie;$74,036,787;3,922;87;Adventure,Animation,Comedy;nm0798899;producer,animation_department,director
John Wick: Chapter 4;$73,817,950;3,855;169;Action,Crime,Thriller;nm0821432;stunts,producer,actor
The Hobbit: The Desolation of Smaug;$73,645,197;3,903;161;Adventure,Drama,Fantasy;nm0001392;producer,director,writer
Austin Powers in Goldmember;$73,071,188;3,613;94;Action,Adventure,Comedy;nm0005366;producer,director,writer
The Lord of the Rings: The Return of the King;$72,629,713;3,703;201;Action,Adventure,Drama;nm0001392;producer,director,writer
Dawn of the Planet of the Apes;$72,611,427;3,967;130;Action,Adventure,Drama;nm0716257;producer,writer,director
Despicable Me 3;$72,434,025;4,529;89;Adventure,Animation,Comedy;nm0049633,nm1853544,nm3210494;NA
The Lost World: Jurassic Park;$72,132,785;3,281;129;Action,Adventure,Sci-Fi;nm0000229;producer,writer,director
Sonic the Hedgehog 2;$72,105,176;4,234;122;Action,Adventure,Comedy;nm1733778;animation_department,director,writer
Eternals;$71,297,219;4,090;156;Action,Adventure,Fantasy;nm2125482;director,writer,producer
Us;$71,117,625;3,741;NA;Documentary;nm0666301;director,producer,assistant_director
Fast & Furious;$70,950,500;3,461;107;Action,Crime,Thriller;nm0510912;producer,director,writer
300;$70,885,301;3,103;117;Action,Drama;nm0811583;director,producer,writer
Shrek Forever After;$70,838,207;4,359;95;Adventure,Animation,Comedy;nm0593610;director,writer,actor
Transformers;$70,502,384;4,011;144;Action,Adventure,Sci-Fi;nm0000881;producer,director,actor
The Incredibles;$70,467,623;3,933;115;Action,Adventure,Animation;nm0083348;miscellaneous,writer,director
Spectre;$70,403,148;3,929;NA;Horror;nm2201223;director,writer,visual_effects
Finding Nemo;$70,251,710;3,374;100;Adventure,Animation,Comedy;nm0004056,nm0881279;NA
The Lorax;$70,217,070;3,729;86;Adventure,Animation,Comedy;nm0049633,nm0719208;NA
Star Trek Into Darkness;$70,165,559;3,868;132;Action,Adventure,Sci-Fi;nm0009190;producer,writer,music_department
F9: The Fast Saga;$70,043,165;4,179;143;Action,Crime,Thriller;nm0510912;producer,director,writer
Twilight;$69,637,740;3,419;99;Drama,Romance;nm0002165;director,writer,art_director
Maleficent;$69,431,298;3,948;97;Adventure,Family,Fantasy;nm0834902;visual_effects,director,producer
The Bourne Ultimatum;$69,283,690;3,660;115;Action,Mystery,Thriller;nm0339030;director,producer,writer
Pitch Perfect 2;$69,216,890;3,473;115;Comedy,Music;nm0006969;actress,producer,director
The Lego Movie;$69,050,279;3,775;100;Action,Adventure,Animation;nm0520488,nm0588087;NA
The Day After Tomorrow;$68,743,584;3,425;124;Action,Adventure,Sci-Fi;nm0000386;writer,producer,director
Planet of the Apes;$68,532,960;3,500;112;Adventure,Sci-Fi;nm0769874;director,producer,actor
The Mummy Returns;$68,139,035;3,401;130;Action,Adventure,Fantasy;nm0814085;producer,writer,director
Up;$68,108,790;3,766;96;Adventure,Animation,Comedy;nm0230032,nm0677037;NA
Ice Age: The Meltdown;$68,033,544;3,964;91;Adventure,Animation,Comedy;nm0757858;director,producer,writer
Bruce Almighty;$67,953,330;3,483;101;Comedy,Fantasy;nm0001723;producer,director,actor
Cinderella;$67,877,361;3,845;52;Drama,Fantasy;nm0456804;actor,director,writer
Aquaman;$67,873,522;4,125;143;Action,Adventure,Fantasy;nm1490123;producer,writer,director
The Grinch;$67,572,855;4,141;85;Animation,Comedy,Family;nm0608714,nm0155528;NA
Quantum of Solace;$67,528,882;3,451;106;Action,Adventure,Mystery;nm0286975;producer,director,writer
Rush Hour 2;$67,408,222;3,118;90;Action,Comedy,Crime;nm0711840;producer,director,music_department
Fast X;$67,017,410;4,046;141;Action,Adventure,Crime;nm0504642;director,producer,actor
Black Adam;$67,004,323;4,402;125;Action,Adventure,Fantasy;nm1429471;producer,director
World War Z;$66,411,834;3,607;116;Action,Adventure,Horror;nm0286975;producer,director,writer
Brave;$66,323,594;4,164;58;Drama,Music;nm0822582;writer,director,actor
Cars 2;$66,135,507;4,115;106;Adventure,Animation,Comedy;nm0005124,nm0506977;NA
X-Men: Apocalypse;$65,769,562;4,150;144;Action,Adventure,Sci-Fi;nm0001741;producer,director,actor
Thor;$65,723,338;3,955;115;Action,Fantasy;nm0000110;actor,producer,director
Teenage Mutant Ninja Turtles;$65,575,105;3,845;93;Action,Adventure,Comedy;nm0006625;director,producer,writer
The Chronicles of Narnia: The Lion, the Witch and the Wardrobe;$65,556,312;3,616;143;Adventure,Family,Fantasy;nm0011470;producer,director,writer
2012;$65,237,614;3,404;158;Action,Adventure,Sci-Fi;nm0000386;writer,producer,director
Captain America: The First Avenger;$65,058,524;3,715;124;Action,Adventure,Sci-Fi;nm0002653;director,visual_effects,producer
War of the Worlds;$64,878,725;3,908;116;Action,Adventure,Sci-Fi;nm0000229;producer,writer,director
The Twilight Saga: Eclipse;$64,832,191;4,468;124;Action,Adventure,Drama;nm1720541;director,producer,writer
Star Wars: Episode I - The Phantom Menace;$64,820,970;2,970;136;Action,Adventure,Fantasy;nm0000184;writer,producer,director
Madagascar: Escape 2 Africa;$63,106,589;4,056;89;Adventure,Animation,Comedy;nm0201509,nm0569891;NA
WALL·E;$63,087,526;3,992;98;Adventure,Animation,Family;nm0004056;writer,actor,producer
Pirates of the Caribbean: Dead Men Tell No Tales;$62,983,253;4,276;129;Action,Adventure,Fantasy;nm1461392,nm1650283;NA
Inception;$62,785,337;3,792;148;Action,Adventure,Sci-Fi;nm0634240;writer,producer,director
Hancock;$62,603,879;3,965;92;Action,Comedy,Drama;nm0000916;producer,actor,writer
Monsters, Inc.;$62,577,067;3,237;92;Adventure,Animation,Comedy;nm0230032,nm0798899,nm0881279;NA
Bad Boys for Life;$62,504,105;3,775;124;Action,Comedy,Crime;nm4816401,nm4263190;NA
Sherlock Holmes;$62,304,277;3,626;116;Crime,Mystery;nm0077928;miscellaneous,director,writer
Fantastic Beasts: The Crimes of Grindelwald;$62,163,104;4,163;134;Adventure,Family,Fantasy;nm0946734;director,producer,writer
Hulk;$62,128,420;3,660;138;Action,Sci-Fi;nm0000487;director,producer,writer
The Lord of the Rings: The Two Towers;$62,007,528;3,622;179;Action,Adventure,Drama;nm0001392;producer,director,writer
The Amazing Spider-Man;$62,004,688;4,318;136;Action,Adventure,Sci-Fi;nm1989536;producer,director,writer
Mission: Impossible - Fallout;$61,236,534;4,386;147;Action,Adventure,Thriller;nm0003160;writer,producer,director
Clash of the Titans;$61,235,105;3,777;118;Action,Adventure,Family;nm0204471;camera_department,director,writer
Transformers: Rise of the Beasts;$61,045,464;3,678;127;Action,Adventure,Sci-Fi;nm4023702;director,producer,writer
Kong: Skull Island;$61,025,472;3,846;118;Action,Adventure,Fantasy;nm3611349;director,producer,writer
Indiana Jones and the Dial of Destiny;$60,368,101;4,600;154;Action,Adventure,Sci-Fi;nm0003506;producer,director,writer
Madagascar 3: Europe's Most Wanted;$60,316,738;4,258;95;Adventure,Animation,Comedy;nm0201509,nm0569891,nm0970447;NA
Kung Fu Panda;$60,239,130;4,114;92;Action,Adventure,Animation;nm0651706,nm0828970;NA
Straight Outta Compton;$60,200,180;2,757;147;Biography,Drama,History;nm0336620;director,producer,actor
Cars;$60,119,509;3,985;117;Adventure,Animation,Comedy;nm0005124,nm0710020;NA
Signs;$60,117,080;3,264;106;Drama,Mystery,Sci-Fi;nm0796117;producer,director,writer
Fast & Furious Presents: Hobbs & Shaw;$60,038,950;4,253;137;Action,Adventure,Thriller;nm0500610;stunts,producer,actor
Monsters vs. Aliens;$59,321,095;4,104;94;Action,Adventure,Animation;nm1224299,nm0970447;NA
Star Trek Beyond;$59,253,211;3,928;122;Action,Adventure,Sci-Fi;nm0510912;producer,director,writer
Jumanji: The Next Level;$59,251,543;4,227;123;Action,Adventure,Comedy;nm0440458;producer,director,actor
Jason Bourne;$59,215,365;4,026;123;Action,Thriller;nm0339030;director,producer,writer
Pearl Harbor;$59,078,912;3,214;183;Action,Drama,History;nm0000881;producer,director,actor
Creed III;$58,370,007;4,007;116;Drama,Sport;nm0430107;actor,producer,director
Fantastic Four: Rise of the Silver Surfer;$58,051,684;3,959;92;Action,Adventure,Fantasy;nm1103162;director,producer,actor
Sonic the Hedgehog;$58,018,348;4,167;99;Action,Adventure,Comedy;nm1733778;animation_department,director,writer
Hannibal;$58,003,121;3,230;100;Action,Adventure,Biography;nm0103855,nm0880618;NA
Mission: Impossible II;$57,845,297;3,653;123;Action,Adventure,Thriller;nm0000247;director,producer,writer
Ant-Man;$57,225,526;3,856;117;Action,Comedy,Sci-Fi;nm0715636;director,producer,actor
22 Jump Street;$57,071,445;3,306;112;Action,Comedy,Crime;nm0520488,nm0588087;NA
Sex and the City;$57,038,404;3,285;145;Comedy,Drama,Romance;nm0455078;producer,writer,director
John Wick: Chapter 3 - Parabellum;$56,818,067;3,850;130;Action,Crime,Thriller;nm0821432;stunts,producer,actor
Moana;$56,631,401;3,875;77;Documentary;nm0280904,nm0280878;NA
Despicable Me;$56,397,125;3,476;95;Adventure,Animation,Comedy;nm0719208,nm1853544;NA
War for the Planet of the Apes;$56,262,929;4,022;140;Action,Adventure,Drama;nm0716257;producer,writer,director
Valentine's Day;$56,260,707;3,665;95;Comedy,Fantasy,Romance;nm0657239;assistant_director,director,actor
Ralph Breaks the Internet;$56,237,634;4,017;112;Adventure,Animation,Comedy;nm0601781,nm1601882;NA
Snow White and the Huntsman;$56,217,700;3,773;127;Action,Adventure,Drama;nm2782185;director,writer,producer
Big Hero 6;$56,215,889;3,761;102;Action,Adventure,Animation;nm2320658,nm0930261;NA
Charlie and the Chocolate Factory;$56,178,450;3,770;115;Adventure,Comedy,Family;nm0000318;producer,miscellaneous,director
Fantastic Four;$56,061,504;3,602;106;Action,Adventure,Fantasy;nm1103162;director,producer,actor
Gravity;$55,785,112;3,575;83;Drama;nm1644451;director,editorial_department,actor
The Karate Kid;$55,665,805;3,663;126;Action,Drama,Family;nm0000814;director,editor,producer
Mission: Impossible - Rogue Nation;$55,520,089;3,956;131;Action,Adventure,Thriller;nm0003160;writer,producer,director
The Incredible Hulk;$55,414,050;3,505;112;Action,Adventure,Sci-Fi;nm0504642;director,producer,actor
The SpongeBob Movie: Sponge Out of Water;$55,365,012;3,641;92;Adventure,Animation,Comedy;nm1196684,nm0593610;NA
No Time to Die;$55,225,007;4,407;95;Comedy;nm0025347;director,actor,writer
Watchmen;$55,214,334;3,611;162;Action,Drama,Mystery;nm0811583;director,producer,writer
X-Men: First Class;$55,101,604;3,641;131;Action,Sci-Fi;nm0891216;producer,director,writer
How the Grinch Stole Christmas;$55,082,330;3,127;104;Comedy,Family,Fantasy;nm0000165;producer,actor,writer
The Flash;$55,043,679;4,234;50;Drama;nm0185714;director,writer,cinematographer
The Chronicles of Narnia: Prince Caspian;$55,034,805;3,929;150;Action,Adventure,Family;nm0011470;producer,director,writer
How to Train Your Dragon: The Hidden World;$55,022,245;4,259;104;Action,Adventure,Animation;nm0213450;writer,art_department,animation_department
Austin Powers: The Spy Who Shagged Me;$54,917,604;3,312;95;Action,Adventure,Comedy;nm0005366;producer,director,writer
Rise of the Planet of the Apes;$54,806,191;3,648;105;Action,Drama,Sci-Fi;nm1012501;producer,director,writer
The Hobbit: The Battle of the Five Armies;$54,724,334;3,875;144;Adventure,Fantasy;nm0001392;producer,director,writer
G.I. Joe: The Rise of Cobra;$54,713,046;4,007;118;Action,Adventure,Sci-Fi;nm0814085;producer,writer,director
Mission: Impossible - Dead Reckoning Part One;$54,688,347;4,327;163;Action,Adventure,Thriller;nm0003160;writer,producer,director
Divergent;$54,607,747;3,936;NA;Comedy,Drama;nm10028629;editor,director,cinematographer
Men in Black 3;$54,592,779;4,248;106;Action,Adventure,Comedy;nm0001756;producer,director,cinematographer
San Andreas;$54,588,173;3,777;114;Action,Adventure,Thriller;nm0679031;producer,writer,director
X-Men;$54,471,475;3,025;104;Action,Adventure,Sci-Fi;nm0001741;producer,director,actor
Ted;$54,415,205;3,239;85;Comedy;nm0253990;actor,director,writer
Pokémon: Detective Pikachu;$54,365,242;4,202;104;Action,Adventure,Comedy;nm1224299;writer,director,producer
The Martian;$54,308,575;3,831;144;Adventure,Drama,Sci-Fi;nm0000631;producer,director,production_designer
Night at the Museum: Battle of the Smithsonian;$54,173,286;4,096;105;Adventure,Comedy,Family;nm0506613;producer,director,actor
Scooby-Doo;$54,155,312;3,447;89;Adventure,Comedy,Family;nm0331532;editor,director,editorial_department
The Nun;$53,807,379;3,876;140;Drama;nm0729626;director,writer,actor
Cars 3;$53,688,680;4,256;102;Adventure,Animation,Comedy;nm0270263;art_department,animation_department,miscellaneous
Shazam!;$53,505,326;4,217;132;Action,Adventure,Comedy;nm2497546;director,writer,actor
Green Lantern;$53,174,303;3,816;114;Action,Adventure,Sci-Fi;nm0132709;director,producer,actor
The Wolverine;$53,113,752;3,924;NA;Western;nm0078340;actor,director,writer
The Lego Batman Movie;$53,003,468;4,088;104;Action,Adventure,Animation;nm0003021;director,producer,editor
Batman Forever;$52,784,433;2,842;121;Action,Adventure;nm0001708;director,writer,producer
Paranormal Activity 3;$52,568,183;3,321;83;Horror,Mystery,Thriller;nm1413364,nm1160962;NA
Superman Returns;$52,535,096;4,065;154;Action,Adventure,Sci-Fi;nm0001741;producer,director,actor
The Bourne Supremacy;$52,521,865;3,165;108;Action,Mystery,Thriller;nm0339030;director,producer,writer
The Divergent Series: Insurgent;$52,263,680;3,875;119;Action,Adventure,Sci-Fi;nm0777881;director,writer,soundtrack
I, Robot;$52,179,887;3,420;115;Action,Mystery,Sci-Fi;nm0001639;director,producer,writer
Men in Black II;$52,148,751;3,557;88;Action,Adventure,Comedy;nm0001756;producer,director,cinematographer
Home;$52,107,731;3,708;NA;Drama,Romance;nm0002061;director,producer,writer
Van Helsing;$51,748,040;3,575;131;Action,Adventure,Fantasy;nm0814085;producer,writer,director
8 Mile;$51,240,555;2,470;110;Drama,Music;nm0000436;director,producer,writer
Men in Black;$51,068,455;3,020;98;Action,Adventure,Comedy;nm0001756;producer,director,cinematographer
Bohemian Rhapsody;$51,061,119;4,000;134;Biography,Drama,Music;nm0001741;producer,director,actor
Prometheus;$51,050,101;3,396;130;Drama,Family,Fantasy;nm0365912;writer,director
Wanted;$50,927,085;3,175;107;Action,Drama,Romance;nm0275034;director,writer,editor
Coco;$50,802,605;3,987;NA;\N;\N;NA
Jurassic Park III;$50,771,645;3,434;92;Action,Adventure,Sci-Fi;nm0002653;director,visual_effects,producer
The Village;$50,746,142;3,730;98;Drama;nm0512548;director,writer,miscellaneous
Lightyear;$50,577,961;4,255;105;Action,Adventure,Animation;nm0533691;animation_department,actor,director
Dunkirk;$50,513,488;3,720;135;Action,Drama,History;nm0635554;director,editor,producer
2 Fast 2 Furious;$50,472,480;3,408;107;Action,Crime,Thriller;nm0005436;producer,writer,director
Jackass 3D;$50,353,641;3,081;94;Action,Comedy,Documentary;nm0871860;writer,producer,director
Mr. & Mrs. Smith;$50,342,878;3,424;95;Comedy,Romance;nm0000033;director,producer,writer
Rush Hour 3;$50,237,000;3,778;91;Action,Comedy,Crime;nm0711840;producer,director,music_department
Independence Day;$50,228,264;2,882;87;Drama;nm0744794;director,producer,writer
A Quiet Place;$50,203,562;3,508;80;Documentary;nm5123883;director,writer,assistant_director
The Boss Baby;$50,198,902;3,773;97;Adventure,Animation,Comedy;nm0569891;writer,actor,animation_department
King Kong;$50,130,145;3,568;100;Adventure,Horror,Sci-Fi;nm0178260,nm0774325;NA
The Great Gatsby;$50,085,185;3,535;80;Drama;nm0107543;director,writer,actor
Scary Movie 3;$49,700,000;3,505;84;Comedy;nm0001878;writer,producer,director
Taken 2;$49,514,769;3,661;92;Action,Crime,Thriller;nm0576298;director,writer,assistant_director
How to Train Your Dragon 2;$49,451,322;4,253;102;Action,Adventure,Animation;nm0213450;writer,art_department,animation_department
Halloween Kills;$49,404,980;3,705;105;Action,Horror,Thriller;nm0337773;producer,director,writer
Wreck-It Ralph;$49,038,712;3,752;101;Adventure,Animation,Comedy;nm0601781;miscellaneous,director,producer
Neighbors;$49,033,915;3,279;50;Comedy,Drama;nm0186345;actor,director,writer
Alvin and the Chipmunks: The Squeakquel;$48,875,415;3,700;88;Adventure,Animation,Comedy;nm0858525;actress,director,producer
Tangled;$48,767,052;3,603;95;Drama;nm1369904;producer,director,writer
Batman Begins;$48,745,440;3,858;140;Action,Crime,Drama;nm0634240;writer,producer,director
The Matrix Revolutions;$48,475,154;3,502;129;Action,Sci-Fi;nm0905152,nm0905154;NA
Hotel Transylvania 2;$48,464,322;3,754;73;Adult;nm0211487;director,producer,cinematographer
The Fault in Our Stars;$48,002,523;3,173;126;Drama,Romance;nm1837748;writer,producer,director
Godzilla: King of the Monsters;$47,776,293;4,108;132;Action,Adventure,Fantasy;nm1002424;writer,director,actor
Mission: Impossible III;$47,743,273;4,054;126;Action,Adventure,Thriller;nm0009190;producer,writer,music_department
Lara Croft: Tomb Raider;$47,735,743;3,308;100;Action,Adventure,Fantasy;nm0922346;director,producer,actor
Kung Fu Panda 2;$47,656,302;3,925;90;Action,Adventure,Animation;nm0950775;art_department,animation_department,director
The Longest Yard;$47,606,480;3,634;121;Comedy,Crime,Drama;nm0000736;director,assistant_director,producer
Shark Tale;$47,604,606;4,016;90;Adventure,Animation,Comedy;nm0421776,nm1224299,nm0074426;NA
A Quiet Place Part II;$47,547,231;3,726;97;Drama,Horror,Sci-Fi;nm1024677;actor,producer,director
Interstellar;$47,510,360;3,561;169;Adventure,Drama,Sci-Fi;nm0634240;writer,producer,director
Madagascar;$47,224,594;4,131;50;Drama;nm0702148;director,writer,actor
The Lord of the Rings: The Fellowship of the Ring;$47,211,490;3,359;178;Action,Adventure,Drama;nm0001392;producer,director,writer
Die Another Day;$47,072,040;3,314;133;Action,Adventure,Thriller;nm0848414;director,assistant_director,sound_department
Talladega Nights: The Ballad of Ricky Bobby;$47,042,215;3,803;108;Comedy,Sport;nm0570912;producer,writer,director
Ratatouille;$47,027,395;3,940;111;Adventure,Animation,Comedy;nm0684342,nm0083348;NA
Jurassic Park;$47,026,828;2,404;127;Action,Adventure,Sci-Fi;nm0000229;producer,writer,director
Troy;$46,865,412;3,411;163;Drama;nm0000583;director,producer,writer
The Secret Life of Pets 2;$46,652,680;4,561;86;Adventure,Animation,Comedy;nm3646390,nm0719208;NA
Pirates of the Caribbean: The Curse of the Black Pearl;$46,630,690;3,269;143;Action,Adventure,Fantasy;nm0893659;director,producer,writer
Ice Age: Continental Drift;$46,629,259;3,881;88;Adventure,Animation,Comedy;nm0553942,nm0862211;NA
Fifty Shades Darker;$46,607,250;3,710;118;Drama,Romance,Thriller;nm0001226;director,writer,producer
Trolls;$46,581,142;4,060;92;Adventure,Animation,Comedy;nm0230666,nm0593610;NA
Bad Boys II;$46,522,560;3,186;147;Action,Comedy,Crime;nm0000881;producer,director,actor
Ice Age;$46,312,454;3,316;115;Drama;nm0951731;director,writer,actor
Angels & Demons;$46,204,168;3,527;138;Action,Mystery,Thriller;nm0000165;producer,actor,writer
Meet the Fockers;$46,120,980;3,518;115;Comedy,Romance;nm0005366;producer,director,writer
Ghostbusters;$46,018,755;3,963;105;Action,Comedy,Fantasy;nm0718645;producer,miscellaneous,director
Megamind;$46,016,833;3,944;95;Action,Animation,Comedy;nm0569891;writer,actor,animation_department
Dumbo;$45,990,748;4,259;64;Adventure,Animation,Drama;nm0035899,nm0414144,nm0254675,nm0730860,nm0789313,nm0455741,nm0272568;NA
Batman Returns;$45,687,711;2,644;126;Action,Crime,Fantasy;nm0000318;producer,miscellaneous,director
Mission: Impossible;$45,436,830;3,012;110;Action,Adventure,Thriller;nm0000361;director,writer,producer
Mad Max: Fury Road;$45,428,128;3,702;120;Action,Adventure,Sci-Fi;nm0004306;producer,writer,director
The Meg;$45,402,195;4,118;113;Action,Horror,Sci-Fi;nm0005509;producer,director,writer
Ghost Rider;$45,388,836;3,619;110;Action,Fantasy,Thriller;nm0425756;writer,director,producer
American Pie 2;$45,117,985;3,063;108;Comedy;nm0736930;assistant_director,producer,director
300: Rise of an Empire;$45,038,460;3,470;102;Action,Drama,War;nm1729171;director,producer
Horton Hears a Who!;$45,012,998;3,954;86;Adventure,Animation,Comedy;nm0553942,nm0371755;NA
The Hangover;$44,979,319;3,269;100;Comedy;nm0680846;producer,director,writer
National Treasure: Book of Secrets;$44,783,772;3,832;124;Action,Adventure,Mystery;nm0005509;producer,director,writer
Transformers: The Last Knight;$44,680,073;4,069;154;Action,Adventure,Sci-Fi;nm0000881;producer,director,actor
xXx;$44,506,103;3,374;124;Action,Adventure,Thriller;nm0003418;producer,director,actor
Scream VI;$44,447,270;3,675;122;Horror,Mystery,Thriller;nm2366012,nm2419470;NA
Nope;$44,366,910;3,785;130;Horror,Mystery,Sci-Fi;nm1443502;actor,writer,producer
Alvin and the Chipmunks;$44,307,417;3,475;92;Adventure,Animation,Comedy;nm0384722;writer,producer,director
The Peanuts Movie;$44,213,073;3,897;88;Adventure,Animation,Comedy;nm0553942;director,miscellaneous,art_department
Hotel Transylvania 3: Summer Vacation;$44,076,225;4,267;97;Adventure,Animation,Comedy;nm0850733;producer,writer,director
Terminator 3: Rise of the Machines;$44,041,440;3,504;109;Action,Sci-Fi;nm0609236;director,producer,writer
TRON: Legacy;$44,026,211;3,451;125;Action,Adventure,Sci-Fi;nm2676052;director,producer,writer
Uncharted;$44,010,155;4,275;79;Horror;nm1459683;director,actor,producer
Ghostbusters: Afterlife;$44,008,406;4,315;124;Adventure,Comedy,Fantasy;nm0718646;producer,director,writer
Lucy;$43,899,340;3,173;93;Drama,Romance;nm0934629;writer,director,actor
How to Train Your Dragon;$43,732,319;4,055;98;Action,Adventure,Animation;nm0213450,nm0761498;NA
Noah;$43,720,472;3,567;130;Family,History,Musical;\N;NA
The Croods;$43,639,736;4,046;98;Action,Adventure,Animation;nm0210320,nm0761498;NA
American Gangster;$43,565,135;3,054;157;Biography,Crime,Drama;nm0000631;producer,director,production_designer
The Mummy;$43,369,635;3,210;73;Fantasy,Horror;nm0005713;cinematographer,director,camera_department
Hitch;$43,142,214;3,575;118;Comedy,Romance;nm0855035;producer,director,writer
A Star Is Born;$42,908,051;3,686;111;Drama,Romance;nm0920074,nm0176699,nm0281808;NA
Batman & Robin;$42,872,605;2,934;125;Action,Sci-Fi;nm0001708;director,writer,producer
Terminator Salvation;$42,558,390;3,530;115;Action,Adventure,Sci-Fi;nm0629334;producer,miscellaneous,director
Hotel Transylvania;$42,522,194;3,349;74;Adult;nm0211487;director,producer,cinematographer
Nutty Professor II: The Klumps;$42,518,830;3,242;106;Comedy,Romance,Sci-Fi;nm0781842;director,producer,writer
Shrek;$42,347,760;3,587;90;Adventure,Animation,Comedy;nm0011470,nm0421776;NA
Scary Movie;$42,346,669;2,912;82;Comedy,Horror,Thriller;nm0259032;director,writer,producer
Anger Management;$42,220,847;3,551;106;Comedy;nm0781842;director,producer,writer
Fantastic Beasts: The Secrets of Dumbledore;$42,151,256;4,208;142;Adventure,Family,Fantasy;nm0946734;director,producer,writer
High School Musical 3: Senior Year;$42,030,184;3,623;112;Comedy,Drama,Family;nm0650905;director,miscellaneous,producer
The Conjuring;$41,855,326;2,903;112;Horror,Mystery,Thriller;nm1490123;producer,writer,director
Ready Player One;$41,764,050;4,234;140;Action,Adventure,Sci-Fi;nm0000229;producer,writer,director
Ice Age: Dawn of the Dinosaurs;$41,690,382;4,099;94;Adventure,Animation,Comedy;nm0862211,nm0757858;NA
The Hangover Part III;$41,671,198;3,555;100;Comedy,Crime;nm0680846;producer,director,writer
Ocean's Eight;$41,607,378;4,145;110;Action,Comedy,Crime;nm0002657;writer,producer,director
Big Daddy;$41,536,370;3,027;68;Adventure,Crime,Drama;nm0386973;producer,writer,director
Happy Feet;$41,533,432;3,804;108;Adventure,Animation,Comedy;nm0004306,nm0606688,nm0171253;NA
Ride Along;$41,516,170;2,663;99;Action,Comedy,Crime;nm1103162;director,producer,actor
Grown Ups 2;$41,508,572;3,491;101;Comedy;nm0240797;actor,director,producer
The Perfect Storm;$41,325,042;3,407;130;Action,Adventure,Drama;nm0000583;director,producer,writer
Kung Fu Panda 3;$41,282,042;3,955;95;Action,Adventure,Animation;nm0950775,nm1868917;NA
The Vow;$41,202,458;2,958;NA;Drama;nm0853193;writer,director,producer
Deep Impact;$41,152,375;3,156;120;Action,Drama,Sci-Fi;nm0001460;producer,director,script_department
Once Upon a Time in Hollywood;$41,082,018;3,659;161;Comedy,Drama;nm0000233;writer,actor,producer
Shutter Island;$41,062,440;2,991;138;Mystery,Thriller;nm0000217;producer,director,actor
Twister;$41,059,405;2,414;93;Comedy,Drama;nm0021899;director,writer,producer
Independence Day: Resurgence;$41,039,944;4,130;120;Action,Adventure,Sci-Fi;nm0000386;writer,producer,director
Madea Goes to Jail;$41,030,947;2,032;103;Comedy,Crime,Drama;nm1347153;writer,director,producer
Dune;$41,011,174;4,125;137;Action,Adventure,Sci-Fi;nm0000186;writer,director,producer
Casino Royale;$40,833,156;3,434;131;Comedy;nm0400731,nm0346436,nm0848234,nm0663577,nm0569825,nm0001379;NA
Paranormal Activity 2;$40,678,424;3,216;91;Horror,Mystery;nm0931095;director,writer,actor
Friday the 13th;$40,570,365;3,105;50;Drama;nm0154352;director,actor,writer
Grown Ups;$40,506,562;3,534;102;Comedy;nm0240797;actor,director,producer
G.I. Joe: Retaliation;$40,501,814;3,719;110;Action,Adventure,Sci-Fi;nm0160840;producer,writer,director
Batman;$40,489,746;2,194;260;Action,Crime,Family;nm0385171;director,writer,assistant_director
The Mummy: Tomb of the Dragon Emperor;$40,457,770;3,760;112;Action,Adventure,Fantasy;nm0003418;producer,director,actor
The Conjuring 2;$40,406,314;3,343;134;Horror,Mystery,Thriller;nm1490123;producer,writer,director
Glass;$40,328,920;3,841;93;Thriller;nm0447960;director,writer,producer
The Last Airbender;$40,325,019;3,169;103;Action,Adventure,Family;nm0796117;producer,director,writer
Daredevil;$40,310,419;3,471;103;Action,Crime;nm0425756;writer,director,producer
Power Rangers;$40,300,288;3,693;124;Action,Adventure,Fantasy;nm2410311;director,producer,writer
Insidious: Chapter 2;$40,272,103;3,049;106;Horror,Mystery,Thriller;nm1490123;producer,writer,director
Scary Movie 4;$40,222,875;3,602;83;Comedy;nm0001878;writer,producer,director
Safe House;$40,172,720;3,119;112;Drama,Thriller;nm0821451;writer,director,producer
Charlie's Angels;$40,128,550;3,037;98;Action,Adventure,Comedy;nm0629334;producer,miscellaneous,director
The Fast and the Furious;$40,089,015;2,628;73;Crime,Drama,Film-Noir;nm0760170,nm0409869;NA
Cloverfield;$40,058,229;3,411;85;Action,Adventure,Horror;nm0716257;producer,writer,director
Halloween Ends;$40,050,355;3,901;111;Horror,Thriller;nm0337773;producer,director,writer
Chicken Little;$40,049,778;3,654;81;Adventure,Animation,Comedy;nm0227540;visual_effects,art_department,writer
Click;$40,011,365;3,749;NA;Comedy,Family,Romance;nm1037438;miscellaneous,actor,producer
Split;$40,010,975;3,038;85;Comedy,Drama,Mystery;nm0789651;actor,editor,director
50 First Dates;$39,852,237;3,591;99;Comedy,Drama,Romance;nm0781842;director,producer,writer
Wild Hogs;$39,699,023;3,287;100;Action,Adventure,Comedy;nm0065608;director,producer,writer
Sherlock Holmes: A Game of Shadows;$39,637,079;3,703;129;Action,Adventure,Mystery;nm0005363;writer,director,producer
The Waterboy;$39,414,071;2,664;90;Comedy,Sport;nm0178997;director,actor,producer
Rio 2;$39,327,869;3,948;101;Adventure,Animation,Comedy;nm0757858;director,producer,writer
Rio;$39,225,962;3,826;77;Crime,Drama,Romance;nm0103975;director,assistant_director,production_manager
Taken 3;$39,201,657;3,594;108;Action,Crime,Thriller;nm0576298;director,writer,assistant_director
The Break-Up;$39,172,785;3,070;NA;Drama;nm0952646;director,writer,actor
The Good Dinosaur;$39,155,217;3,749;93;Adventure,Animation,Comedy;nm0812307;actor,animation_department,art_department
Ocean's Twelve;$39,153,380;3,290;125;Crime,Thriller;nm0001752;producer,director,cinematographer
The Grudge;$39,128,715;3,245;100;Adventure,Drama;nm1251937;writer,director,producer
Magic Mike;$39,127,170;2,930;110;Comedy,Drama;nm0001752;producer,director,cinematographer
Onward;$39,119,861;4,310;102;Action,Adventure,Animation;nm0768959;miscellaneous,producer,art_department
The Heat;$39,115,043;3,181;67;Comedy,Drama,Romance;nm7446519;producer,director,actor
Kingsman: The Golden Circle;$39,023,010;4,003;141;Action,Adventure,Comedy;nm0891216;producer,director,writer
Morbius;$39,005,895;4,268;104;Action,Adventure,Horror;nm1174251;director,producer,writer
Dinosaur;$38,854,851;3,257;82;Adventure,Animation,Drama;nm0957798,nm0500343;NA
Daddy's Home;$38,740,203;3,271;96;Comedy,Family;nm1890845;writer,director,producer
Get Smart;$38,683,480;3,911;110;Action,Adventure,Comedy;nm0781842;director,producer,writer
Fifty Shades Freed;$38,560,195;3,768;105;Drama,Romance,Thriller;nm0001226;director,writer,producer
You Don't Mess with the Zohan;$38,531,374;3,462;113;Action,Comedy;nm0240797;actor,director,producer
The Legend of Tarzan;$38,527,856;3,561;110;Action,Adventure,Drama;nm0946734;director,producer,writer
Over the Hedge;$38,457,003;4,059;83;Adventure,Animation,Comedy;nm0426333,nm0456732;NA
The Cat in the Hat;$38,329,160;3,464;82;Adventure,Comedy,Family;nm0919514;production_designer,director,art_director
Alien vs. Predator;$38,291,056;3,395;101;Action,Adventure,Horror;nm0027271;writer,producer,director
The Angry Birds Movie;$38,155,177;3,932;97;Action,Adventure,Animation;nm0443505,nm0717678;NA
The Bourne Legacy;$38,142,825;3,745;135;Action,Adventure,Thriller;nm0006904;writer,producer,director
Ocean's Eleven;$38,107,822;3,075;127;Comedy,Crime,Music;nm0587277;director,writer,producer
Rango;$38,079,323;3,917;66;Adventure;nm0774325;director,cinematographer,camera_department
Inglourious Basterds;$38,054,676;3,165;153;Adventure,Drama,War;nm0000233;writer,actor,producer
Bee Movie;$38,021,044;3,928;91;Adventure,Animation,Comedy;nm0971239,nm9054338;NA
Ace Ventura: When Nature Calls;$37,804,076;2,652;90;Adventure,Comedy,Crime;nm0644203;writer,producer,actor
Charlie's Angels: Full Throttle;$37,634,221;3,459;106;Action,Adventure,Comedy;nm0629334;producer,miscellaneous,director
Hop;$37,543,710;3,579;106;Comedy,Drama;nm0822012;producer,director,writer
Gone Girl;$37,513,109;3,014;149;Drama,Mystery,Thriller;nm0000399;producer,director,writer
District 9;$37,354,308;3,049;112;Action,Sci-Fi,Thriller;nm0088955;director,writer,visual_effects
Pacific Rim;$37,285,325;3,275;131;Action,Adventure,Sci-Fi;nm0868219;writer,producer,director
Dungeons & Dragons: Honor Among Thieves;$37,205,784;3,855;134;Action,Adventure,Comedy;nm0197855,nm0326246;NA
Mr. Deeds;$37,162,787;3,231;96;Comedy,Romance;nm0109359;writer,producer,actor
Annabelle;$37,134,255;3,185;99;Horror,Mystery,Thriller;nm0502954;cinematographer,camera_department,director
Air Force One;$37,132,505;2,919;124;Action,Drama,Thriller;nm0000583;director,producer,writer
S.W.A.T.;$37,062,535;3,202;117;Action,Adventure,Crime;nm0424800;actor,director,producer
Oblivion;$37,054,485;3,783;94;Adventure,Comedy,Crime;nm0006787;director,producer,soundtrack
Maleficent: Mistress of Evil;$36,948,713;3,790;119;Adventure,Family,Fantasy;nm1461392;director,producer,writer
Red Dragon;$36,540,945;3,357;115;Crime;nm0543647;director,producer,writer
Cowboys & Aliens;$36,431,290;3,750;119;Action,Drama,Sci-Fi;nm0269463;producer,actor,writer
Freddy vs. Jason;$36,400,000;3,014;97;Action,Horror;nm0950553;director,producer,writer
Interview with the Vampire: The Vampire Chronicles;$36,389,705;2,604;123;Drama,Fantasy,Horror;nm0001403;writer,producer,director
Marley & Me;$36,357,586;3,480;111;Drama,Family;nm0291205;production_manager,producer,director
21 Jump Street;$36,302,612;3,121;109;Action,Comedy,Crime;nm0588087,nm0520488;NA
Kingsman: The Secret Service;$36,206,331;3,204;129;Action,Adventure,Comedy;nm0891216;producer,director,writer
Jumanji: Welcome to the Jungle;$36,169,328;3,765;119;Action,Adventure,Comedy;nm0440458;producer,director,actor
Alien: Covenant;$36,160,621;3,761;122;Horror,Sci-Fi,Thriller;nm0000631;producer,director,production_designer
Ocean's Thirteen;$36,133,403;3,565;122;Crime,Thriller;nm0001752;producer,director,cinematographer
Dumb and Dumber To;$36,111,775;3,154;109;Comedy;nm0268380,nm0125803;NA
Armageddon;$36,089,972;3,127;NA;Action,Sci-Fi;\N;NA
The Scorpion King;$36,075,875;3,444;92;Action,Adventure,Fantasy;nm0751080;director,producer,writer
Robin Hood;$36,063,385;3,503;NA;Adventure;nm0551375;director,writer
Robots;$36,045,301;3,776;91;Adventure,Animation,Comedy;nm0757858,nm0917188;NA
The Equalizer 2;$36,011,640;3,388;121;Action,Crime,Thriller;nm0298807;producer,director,actor
Salt;$36,011,243;3,612;78;\N;nm0994313,nm0503705,nm0994508,nm0994420,nm0994469;NA
10,000 BC;$35,867,488;3,410;109;Action,Adventure,Drama;nm0000386;writer,producer,director
Rampage;$35,753,093;4,101;98;Adventure,Romance;nm0439597;director,assistant_director,writer
Minority Report;$35,677,125;3,001;145;Action,Crime,Mystery;nm0000229;producer,writer,director
Sweet Home Alabama;$35,648,740;3,293;108;Comedy,Romance;nm0855035;producer,director,writer
The Smurfs;$35,611,637;3,395;103;Adventure,Animation,Comedy;nm0331532;editor,director,editorial_department
Creed II;$35,574,710;3,441;130;Action,Drama,Sport;nm4023702;director,producer,writer
Battle Los Angeles;$35,573,187;3,417;116;Action,Adventure,Sci-Fi;nm0509448;producer,director,writer
The Other Guys;$35,543,162;3,651;107;Action,Comedy,Crime;nm0570912;producer,writer,director
Central Intelligence;$35,535,250;3,508;107;Action,Comedy,Crime;nm1098493;director,producer,writer
The World Is Not Enough;$35,519,007;3,163;128;Action,Adventure,Thriller;nm0000776;director,producer,miscellaneous
Super 8;$35,451,168;3,379;112;Action,Mystery,Sci-Fi;nm0009190;producer,writer,music_department
Spider-Man: Into the Spider-Verse;$35,363,376;3,813;117;Action,Adventure,Animation;nm2130108,nm0709056,nm0745247;NA
Teenage Mutant Ninja Turtles: Out of the Shadows;$35,316,382;4,071;112;Action,Adventure,Comedy;nm1757777;director,camera_department,miscellaneous
Lilo & Stitch;$35,260,212;3,191;85;Adventure,Animation,Comedy;nm0213450,nm0761498;NA
Sing;$35,258,145;4,022;98;Drama,Musical;nm0059956;soundtrack,composer,music_department
Ride Along 2;$35,243,095;3,175;102;Action,Comedy,Crime;nm1103162;director,producer,actor
National Treasure;$35,142,554;3,017;131;Action,Adventure,Mystery;nm0005509;producer,director,writer
The Ring Two;$35,065,237;3,332;110;Horror,Mystery;nm0620378;director,writer,producer
Runaway Bride;$35,055,556;3,158;116;Comedy,Romance;nm0005190;writer,producer,actor
Sully;$35,028,301;3,525;96;Biography,Drama;nm0000142;actor,producer,director
Jungle Cruise;$35,018,731;4,310;127;Action,Adventure,Comedy;nm1429471;producer,director
Annabelle: Creation;$35,006,404;3,502;109;Horror,Mystery,Thriller;nm2497546;director,writer,actor
Mamma Mia! Here We Go Again;$34,952,180;3,317;114;Comedy,Musical,Romance;nm0662530;writer,director,producer
The Expendables;$34,825,135;3,270;89;Action,Adventure,War;nm0379391;director,producer,writer
Gladiator;$34,819,017;2,938;101;Action,Drama,Sport;nm0380705;writer,director,miscellaneous
Scream 3;$34,713,342;3,467;116;Horror,Mystery;nm0000127;writer,producer,director
The Magnificent Seven;$34,703,397;3,674;128;Action,Adventure,Drama;nm0836328;director,producer,editor
The Equalizer 3;$34,604,229;3,965;109;Action,Crime,Thriller;nm0298807;producer,director,actor
Identity Thief;$34,551,025;3,141;111;Comedy,Crime,Drama;nm1164861;producer,director,miscellaneous
Hellboy II: The Golden Army;$34,539,115;3,204;120;Action,Adventure,Fantasy;nm0868219;writer,producer,director
Enchanted;$34,440,317;3,730;96;Comedy;nm0911631;actor,director,producer
Couples Retreat;$34,286,740;3,000;113;Comedy;nm0082526;producer,actor,director
Sausage Party;$34,263,534;3,103;89;Adventure,Animation,Comedy;nm0862911,nm0970447;NA
I Now Pronounce You Chuck & Larry;$34,233,750;3,495;115;Comedy,Romance;nm0240797;actor,director,producer
Tarzan;$34,221,968;3,005;88;Adventure,Animation,Comedy;nm0118333,nm0510674;NA
Ransom;$34,216,088;2,676;58;Action,Adventure,Crime;nm0782707;director,writer,producer
Norbit;$34,195,434;3,136;103;Comedy,Romance;nm0005367;producer,actor,writer
The Equalizer;$34,137,828;3,236;132;Action,Crime,Thriller;nm0298807;producer,director,actor
The Blind Side;$34,119,372;3,110;129;Biography,Drama,Sport;nm0359387;writer,director,producer
The Lego Movie 2: The Second Part;$34,115,335;4,303;107;Action,Adventure,Animation;nm0593610;director,writer,actor
Puss in Boots;$34,077,439;3,952;80;Adventure,Animation,Comedy;nm0944760;director,writer,art_department
The Purge;$34,058,360;2,536;57;Documentary;nm1717930;producer,writer,miscellaneous
Lethal Weapon 4;$34,048,124;3,117;127;Action,Crime,Thriller;nm0001149;director,producer,actor
Cloudy with a Chance of Meatballs 2;$34,017,930;4,001;95;Adventure,Animation,Comedy;nm0970606,nm2329165;NA
Get Hard;$33,803,253;3,175;95;Adult,Comedy,Drama;\N;NA
The Devil Inside;$33,732,515;2,285;71;Crime;nm0654109;director,assistant_director,producer
Think Like a Man;$33,636,303;2,015;123;Comedy,Romance;nm1103162;director,producer,actor
The Proposal;$33,627,598;3,056;91;Drama,Thriller;nm0301903;director,writer,producer
What Women Want;$33,614,543;3,012;NA;Drama;nm0002179;director,assistant_director,writer
Saw III;$33,610,391;3,167;108;Horror,Mystery,Thriller;nm1135423;director,producer,writer
Epic;$33,531,068;3,882;NA;Adult;\N;NA
The Green Hornet;$33,526,876;3,584;258;Adventure,Crime,Family;nm0066247,nm0853028;NA
Ted 2;$33,507,870;3,442;115;Comedy;nm0532235;writer,producer,music_department
101 Dalmatians;$33,504,025;2,794;103;Adventure,Comedy,Crime;nm0378893;producer,director,editorial_department
Wrath of the Titans;$33,457,188;3,545;99;Action,Adventure,Fantasy;nm0509448;producer,director,writer
The Haunting;$33,435,140;2,808;112;Horror;nm0936404;director,producer,editor
Get Out;$33,377,060;2,781;104;Horror,Mystery,Thriller;nm1443502;actor,writer,producer
Live Free or Die Hard;$33,369,559;3,408;128;Action,Thriller;nm0936482;producer,writer,director
American Wedding;$33,369,440;3,172;96;Comedy;nm0245888;director,producer,writer
Lethal Weapon 3;$33,243,086;2,510;118;Action,Crime,Thriller;nm0001149;director,producer,actor
Hustlers;$33,181,361;3,250;95;Comedy,Drama;nm0638189;director,writer,actor
A Wrinkle in Time;$33,123,609;3,980;109;Adventure,Drama,Family;nm1148550;writer,producer,miscellaneous
Superbad;$33,052,411;2,948;113;Comedy;nm0609549;producer,director,writer
Tomorrowland;$33,028,165;3,972;130;Action,Adventure,Family;nm0083348;miscellaneous,writer,director
Blades of Glory;$33,014,202;3,372;93;Comedy,Sport;nm0330347,nm0817447;NA
Insidious: The Red Door;$33,013,036;3,188;107;Horror,Mystery,Thriller;nm0933940;actor,soundtrack,producer
Birds of Prey;$33,010,017;4,236;56;Crime,Drama,Romance;nm0185714;director,writer,cinematographer
Rush Hour;$33,001,803;2,638;98;Action,Comedy,Crime;nm0711840;producer,director,music_department
Scream 2;$32,926,342;2,663;120;Horror,Mystery;nm0000127;writer,producer,director
A Nightmare on Elm Street;$32,902,299;3,332;91;Horror;nm0000127;writer,producer,director
Dark Phoenix;$32,828,348;3,721;113;Action,Adventure,Sci-Fi;nm1334526;producer,writer,script_department
The Book of Eli;$32,789,494;3,111;118;Action,Adventure,Drama;nm0400436,nm0400441;NA
Blade Runner 2049;$32,753,122;4,058;164;Action,Drama,Mystery;nm0898288;director,writer,editor
Where the Wild Things Are;$32,695,407;3,735;101;Adventure,Drama,Family;nm0005069;producer,writer,director
Due Date;$32,689,406;3,355;95;Comedy,Drama;nm0680846;producer,director,writer
The Nun II;$32,603,336;3,728;110;Horror,Mystery,Thriller;nm1980431;director,writer,visual_effects
Blade II;$32,528,016;2,707;117;Action,Horror,Sci-Fi;nm0868219;writer,producer,director
The Maze Runner;$32,512,804;3,604;113;Action,Mystery,Sci-Fi;nm1226871;art_department,director,visual_effects
Spy Kids 3: Game Over;$32,500,000;3,344;84;Action,Adventure,Comedy;nm0001675;producer,writer,director
Hannah Montana: The Movie;$32,324,487;3,118;102;Comedy,Drama,Family;nm0155093;actor,director,writer
Mr. Peabody & Sherman;$32,207,057;3,934;92;Adventure,Animation,Comedy;nm0591450;producer,director,animation_department
Immortals;$32,206,425;3,112;110;Action,Drama,Fantasy;nm0802248;director,producer,soundtrack
Wedding Crashers;$32,200,000;2,925;119;Comedy,Romance;nm0229694;producer,director,miscellaneous
Elf;$32,100,000;3,337;97;Adventure,Comedy,Family;nm0269463;producer,actor,writer
Jackass Presents: Bad Grandpa;$32,055,177;3,336;92;Comedy;nm0871860;writer,producer,director
The SpongeBob SquarePants Movie;$32,018,216;3,212;87;Adventure,Animation,Comedy;nm0384864,nm0651706;NA
Paul Blart: Mall Cop;$31,832,636;3,144;91;Action,Comedy,Crime;nm0139867;director,producer
Terminator 2: Judgment Day;$31,765,506;2,274;137;Action,Sci-Fi;nm0000116;writer,producer,director
Saw IV;$31,756,764;3,183;93;Horror,Mystery,Thriller;nm1135423;director,producer,writer
Saw II;$31,725,652;2,949;93;Horror,Mystery;nm1135423;director,producer,writer
G-Force;$31,706,934;3,697;88;Action,Adventure,Comedy;nm0947087;visual_effects,director,writer
Godzilla vs. Kong;$31,625,971;3,064;113;Action,Sci-Fi,Thriller;nm1417392;director,editor,cinematographer
Bad Teacher;$31,603,106;3,049;92;Comedy,Romance;nm0440458;producer,director,actor
The Truman Show;$31,542,121;2,315;103;Comedy,Drama;nm0001837;director,writer,producer
The Purge: Election Year;$31,515,110;2,796;108;Action,Horror,Sci-Fi;nm0218621;writer,producer,director
The Wolfman;$31,479,235;3,222;103;Drama,Fantasy,Horror;nm0002653;director,visual_effects,producer
Ford v Ferrari;$31,474,958;3,528;152;Action,Biography,Drama;nm0003506;producer,director,writer
Liar Liar;$31,423,025;2,845;86;Comedy,Fantasy;nm0001723;producer,director,actor
Percy Jackson & the Olympians: The Lightning Thief;$31,236,067;3,356;118;Adventure,Family,Fantasy;nm0001060;producer,writer,director
Elvis;$31,211,579;3,906;65;\N;nm0099751,nm0243229;NA
Girls Trip;$31,201,920;2,591;122;Adventure,Comedy,Drama;nm0002700;writer,director,producer
Evan Almighty;$31,192,615;3,604;96;Comedy,Family,Fantasy;nm0001723;producer,director,actor
The Sum of All Fears;$31,178,526;3,183;124;Action,Drama,Thriller;nm0004675;writer,director,producer
Home Alone 2: Lost in New York;$31,126,882;2,222;120;Adventure,Comedy,Crime;nm0001060;producer,writer,director
Hannah Montana and Miley Cyrus: Best of Both Worlds Concert;$31,117,834;683;74;Documentary,Music;nm0376712;production_manager,producer,director
Bringing Down the House;$31,101,026;2,801;105;Comedy;nm0788202;producer,miscellaneous,director
Four Christmases;$31,069,826;3,310;88;Comedy,Drama,Romance;nm1164861;producer,director,miscellaneous
Space Jam: A New Legacy;$31,053,362;3,965;115;Adventure,Animation,Comedy;nm0002700;writer,director,producer
Into the Woods;$31,051,923;2,440;NA;\N;nm6942723;director,producer
Pokémon: The First Movie - Mewtwo Strikes Back;$31,036,678;3,043;96;Action,Adventure,Animation;nm0951197;director,art_department,writer
Downton Abbey;$31,033,665;3,079;122;Drama,Romance;nm0257554;director,producer,writer
Sex and the City 2;$31,001,870;3,445;146;Comedy,Drama,Romance;nm0455078;producer,writer,director
Step Brothers;$30,940,732;3,094;98;Comedy;nm0570912;producer,writer,director
Little Fockers;$30,833,665;3,536;98;Comedy,Romance;nm0919369;producer,writer,director
Star Trek: First Contact;$30,716,131;2,812;111;Action,Adventure,Drama;nm0000408;actor,director,producer
Knocked Up;$30,690,990;2,871;129;Comedy,Romance;nm0031976;producer,writer,director
The Dukes of Hazzard;$30,675,314;3,785;104;Comedy;nm0151540;director,actor,writer
Unbroken;$30,621,445;3,131;104;Drama;nm10725766;director
Brüno;$30,619,130;2,756;81;Comedy;nm0153078;producer,writer,director
Saving Private Ryan;$30,576,104;2,463;169;Drama,War;nm0000229;producer,writer,director
The Pacifier;$30,552,694;3,131;95;Action,Comedy,Drama;nm0788202;producer,miscellaneous,director
Bram Stoker's Dracula;$30,521,679;2,491;128;Drama,Fantasy,Horror;nm0000338;producer,director,writer
The Happening;$30,517,109;2,986;101;Comedy;nm0799033;director,miscellaneous,actor
Just Go with It;$30,514,732;3,548;117;Comedy,Romance;nm0240797;actor,director,producer
The Day the Earth Stood Still;$30,480,153;3,560;92;Drama,Sci-Fi;nm0936404;director,producer,editor
Dear John;$30,468,614;2,969;111;Drama,Romance;nm0511837;director,writer
The Lost City;$30,453,269;4,253;300;Action,Adventure;nm0552228;director,writer,actor
John Wick: Chapter 2;$30,436,123;3,113;122;Action,Crime,Thriller;nm0821432;stunts,producer,actor
Night at the Museum;$30,433,781;3,685;108;Adventure,Comedy,Family;nm0506613;producer,director,actor
M3GAN;$30,429,860;3,509;102;Horror,Sci-Fi,Thriller;nm2067421;writer,director,producer
Olympus Has Fallen;$30,373,794;3,098;119;Action,Thriller;nm0298807;producer,director,actor
Unbreakable;$30,330,771;2,708;106;Drama,Mystery,Sci-Fi;nm0796117;producer,director,writer
Maze Runner: The Scorch Trials;$30,316,510;3,791;131;Action,Adventure,Sci-Fi;nm1226871;art_department,director,visual_effects
Cloudy with a Chance of Meatballs;$30,304,648;3,119;90;Adventure,Animation,Comedy;nm0520488,nm0588087;NA
The Addams Family;$30,300,007;4,007;99;Comedy,Fantasy;nm0001756;producer,director,cinematographer
America's Sweethearts;$30,181,877;3,011;102;Comedy,Romance;nm0005387;producer,director,miscellaneous
John Carter;$30,180,188;3,749;132;Action,Adventure,Sci-Fi;nm0004056;writer,actor,producer
The X Files;$30,138,758;2,629;121;Drama,Mystery,Sci-Fi;nm0101385;producer,director,actor
Django Unchained;$30,122,888;3,010;165;Drama,Western;nm0000233;writer,actor,producer
Shazam! Fury of the Gods;$30,111,158;4,071;130;Action,Adventure,Comedy;nm2497546;director,writer,actor
The Best Man Holiday;$30,107,555;2,024;123;Comedy,Drama;nm0002700;writer,director,producer
Trainwreck;$30,097,040;3,158;125;Comedy,Drama,Romance;nm0031976;producer,writer,director
Prince of Persia: The Sands of Time;$30,095,259;3,646;116;Action,Adventure,Fantasy;nm0001565;director,producer,executive
Dodgeball: A True Underdog Story;$30,070,196;2,694;92;Comedy,Sport;nm1098493;director,producer,writer
A Series of Unfortunate Events;$30,061,756;3,620;108;Adventure,Comedy,Family;nm0797869;producer,director,writer
Sleepy Hollow;$30,060,467;3,064;105;Fantasy,Horror,Mystery;nm0000318;producer,miscellaneous,director
Panic Room;$30,056,751;3,053;112;Crime,Drama,Thriller;nm0000399;producer,director,writer
The Exorcism of Emily Rose;$30,054,300;2,981;119;Drama,Horror,Thriller;nm0220600;producer,director,writer
Saw V;$30,053,954;3,060;92;Horror,Thriller;nm0352524;production_designer,director,producer
Catch Me If You Can;$30,053,627;3,156;106;Action,Comedy,Drama;nm0814085;producer,writer,director
A Christmas Carol;$30,051,075;3,683;69;Drama,Family,Fantasy;nm0547446;director,assistant_director,producer
Men in Black: International;$30,035,838;4,224;114;Action,Adventure,Comedy;nm0336620;director,producer,actor
Madea's Family Reunion;$30,030,661;2,194;107;Comedy,Drama,Romance;nm1347153;writer,director,producer
Bullet Train;$30,030,156;4,357;152;Action,Crime,Drama;nm0766220;director,writer,assistant_director
Scream;$30,018,805;3,664;82;Horror,Mystery;nm0704434;stunts,director,actor
Meg 2: The Trench;$30,002,735;3,503;116;Action,Adventure,Horror;nm1296554;director,writer,producer
The Purge: Anarchy;$29,816,675;2,805;103;Action,Horror,Sci-Fi;nm0218621;writer,producer,director
Elysium;$29,807,393;3,284;118;Drama,War;nm0844438;script_department,writer,director
Hercules;$29,800,263;3,595;104;Adventure,Fantasy,History;nm0290371;director,writer,editor
Constantine;$29,769,098;3,006;121;Action,Fantasy,Horror;nm1349376;director,producer,camera_department
What Lies Beneath;$29,702,959;2,813;130;Drama,Horror,Mystery;nm0000709;producer,writer,director
The Flintstones;$29,688,730;2,498;91;Comedy,Family,Fantasy;nm0505152;producer,writer,director
Dark Shadows;$29,685,274;3,755;113;Comedy,Family,Fantasy;nm0000318;producer,miscellaneous,director
Daddy's Home 2;$29,651,193;3,575;100;Comedy;nm1890845;writer,director,producer
Creed;$29,632,823;3,404;77;Horror;nm0565955,nm0313743;NA
Elemental;$29,602,429;4,035;101;Adventure,Animation,Comedy;nm0812307;actor,animation_department,art_department
Insidious: The Last Key;$29,581,355;3,116;103;Horror,Mystery,Thriller;nm0733263;director,actor,writer
Justin Bieber: Never Say Never;$29,514,054;3,105;105;Documentary,Music;nm0160840;producer,writer,director
Ghostbusters II;$29,472,894;2,410;108;Action,Comedy,Fantasy;nm0718645;producer,miscellaneous,director
Scooby-Doo 2: Monsters Unleashed;$29,438,331;3,312;93;Adventure,Comedy,Family;nm0331532;editor,director,editorial_department
Indiana Jones and the Last Crusade;$29,355,021;2,327;127;Action,Adventure;nm0000229;producer,writer,director
A.I. Artificial Intelligence;$29,352,630;3,242;146;Drama,Sci-Fi;nm0000229;producer,writer,director
Now You See Me;$29,350,389;2,925;115;Crime,Mystery,Thriller;nm0504642;director,producer,actor
Beverly Hills Chihuahua;$29,300,465;3,215;91;Adventure,Comedy,Drama;nm0331532;editor,director,editorial_department
Why Did I Get Married Too?;$29,289,537;2,155;121;Comedy,Drama,Romance;nm1347153;writer,director,producer
Think Like a Man Too;$29,241,911;2,225;106;Comedy,Romance;nm1103162;director,producer,actor
The Muppets;$29,239,026;3,440;120;Adventure,Comedy,Family;nm0090386;writer,director,producer
The Lone Ranger;$29,210,849;3,904;264;Western;nm0257638,nm0936823;NA
Eagle Eye;$29,150,721;3,510;118;Action,Mystery,Thriller;nm0142286;director,producer,writer
Toy Story;$29,140,617;2,457;81;Adventure,Animation,Comedy;nm0005124;producer,writer,director
The Texas Chainsaw Massacre;$29,100,000;3,016;98;Horror;nm1197971;director,producer,writer
Spy;$29,085,719;3,711;77;Drama,Musical,Romance;nm0470463;director,production_manager,writer
Terminator: Dark Fate;$29,033,832;4,086;128;Action,Adventure,Sci-Fi;nm1783265;producer,writer,director
Allegiant;$29,027,348;3,740;120;Action,Adventure,Mystery;nm0777881;director,writer,soundtrack
Doctor Dolittle;$29,014,324;2,777;152;Adventure,Comedy,Family;nm0281507;director,producer,writer
The Santa Clause 2;$29,008,696;3,350;104;Comedy,Family,Fantasy;nm0501185;director,actor,soundtrack
Paranormal Activity 4;$29,003,866;3,412;88;Horror,Mystery;nm1160962,nm1413364;NA
Jackass Number Two;$29,002,002;3,059;92;Action,Comedy,Documentary;nm0871860;writer,producer,director
Inside Man;$28,954,945;2,818;129;Crime,Drama,Mystery;nm0000490;director,producer,writer
Cast Away;$28,883,406;2,774;143;Adventure,Drama,Romance;nm0000709;producer,writer,director
Non-Stop;$28,875,635;3,090;82;Action,Comedy,Crime;nm0848992;director,writer,actor
Miss Peregrine's Home for Peculiar Children;$28,871,140;3,522;127;Adventure,Drama,Family;nm0000318;producer,miscellaneous,director
Edge of Tomorrow;$28,760,246;3,490;113;Action,Adventure,Sci-Fi;nm0510731;producer,director,miscellaneous
Murder on the Orient Express;$28,681,472;3,341;128;Crime,Drama,Mystery;nm0001486;director,producer,writer
Titanic;$28,638,131;2,674;85;Action,Drama,History;nm0459801,nm0783509;NA
Meet the Parents;$28,623,300;2,614;75;Comedy;nm0322839;writer,director,actor
Obsessed;$28,612,730;2,514;78;Crime,Drama,Mystery;nm0002061;director,producer,writer
The Expendables 2;$28,591,370;3,316;103;Action,Adventure,Thriller;nm0922346;director,producer,actor
Alita: Battle Angel;$28,525,613;3,790;122;Action,Adventure,Sci-Fi;nm0001675;producer,writer,director
Boo! A Madea Halloween;$28,501,448;2,260;103;Comedy,Drama,Horror;nm1347153;writer,director,producer
Anchorman: The Legend of Ron Burgundy;$28,416,365;3,091;94;Comedy;nm0570912;producer,writer,director
Mama;$28,402,310;2,647;90;Drama;nm0955451;director,producer,writer
Free Guy;$28,365,416;4,165;115;Action,Adventure,Comedy;nm0506613;producer,director,actor
Nacho Libre;$28,309,599;3,070;92;Comedy,Family,Sport;nm0381478;producer,director,writer
Horrible Bosses;$28,302,165;3,040;98;Comedy,Crime;nm1164861;producer,director,miscellaneous
The Invisible Man;$28,205,665;3,610;71;Horror,Sci-Fi;nm0001843;director,miscellaneous,art_director
Erin Brockovich;$28,138,465;2,848;131;Biography,Drama;nm0001752;producer,director,cinematographer
Pacific Rim: Uprising;$28,116,535;3,708;111;Action,Adventure,Fantasy;nm0215299;producer,writer,director
Starsky & Hutch;$28,103,367;3,185;101;Comedy,Crime;nm0680846;producer,director,writer
Sin City;$28,100,000;3,230;NA;Adult;nm0893811;director,cinematographer
Teenage Mutant Ninja Turtles: Mutant Mayhem;$28,007,544;3,858;99;Action,Adventure,Animation;nm5859016,nm6676487;NA
Back to the Future Part II;$27,835,125;1,865;108;Adventure,Comedy,Sci-Fi;nm0000709;producer,writer,director
Hairspray;$27,800,000;3,121;92;Comedy,Drama,Family;nm0000691;actor,writer,director
The Matrix;$27,788,331;2,849;136;Action,Sci-Fi;nm0905154,nm0905152;NA
He's Just Not That Into You;$27,785,487;3,175;129;Comedy,Drama,Romance;nm0477129;director,producer,writer
Mamma Mia!;$27,751,240;2,976;108;Comedy,Musical,Romance;nm1630273;director,miscellaneous,producer
Big Momma's House 2;$27,736,056;3,261;99;Comedy,Crime;nm0925870;director,producer,miscellaneous
Jarhead;$27,726,210;2,411;125;Biography,Drama,War;nm0005222;producer,director,miscellaneous
Along Came Polly;$27,721,185;2,984;90;Comedy,Romance;nm0357453;producer,director,writer
Wild Wild West;$27,687,484;3,342;106;Action,Comedy,Sci-Fi;nm0001756;producer,director,cinematographer
Daddy Day Care;$27,623,580;3,370;92;Comedy,Family;nm0139867;director,producer
The Ugly Truth;$27,605,576;2,882;96;Comedy,Romance;nm0525659;director,writer,producer
Cheaper by the Dozen;$27,557,647;3,298;86;Comedy,Drama,Family;nm0485943;director,writer,miscellaneous
Wonder;$27,547,866;3,096;NA;Animation;\N;NA
The Devil Wears Prada;$27,537,244;2,847;109;Comedy,Drama;nm0291205;production_manager,producer,director
Space Jam;$27,528,529;2,650;88;Adventure,Animation,Comedy;nm0701592;director,cinematographer,editor
After Earth;$27,520,040;3,401;100;Action,Adventure,Sci-Fi;nm0796117;producer,director,writer
Beowulf;$27,515,871;3,153;95;Action,Adventure,Fantasy;nm0048491;director,writer,producer
42;$27,487,144;3,003;128;Biography,Drama,Sport;nm0001338;writer,director,script_department
Bedtime Stories;$27,450,296;3,681;NA;Drama,Romance;nm0209853;director,writer,miscellaneous
The Final Destination;$27,408,309;3,121;82;Horror,Thriller;nm0254786;stunts,assistant_director,actor
Jumper;$27,354,808;3,428;88;Action,Adventure,Sci-Fi;nm0510731;producer,director,miscellaneous
Journey 2: The Mysterious Island;$27,335,363;3,470;94;Action,Adventure,Comedy;nm0679031;producer,writer,director
The Rugrats Movie;$27,321,470;2,782;79;Adventure,Animation,Comedy;nm0468335,nm0899329;NA
Real Steel;$27,319,677;3,440;127;Action,Drama,Sci-Fi;nm0506613;producer,director,actor
Les Misérables;$27,281,735;2,814;100;Drama;nm0515979;director,actor,writer
Night School;$27,257,615;3,010;88;Horror,Mystery,Thriller;nm0400731;writer,director,producer
Encanto;$27,206,494;3,980;102;Animation,Comedy,Family;nm0397174,nm1158544,nm4146781;NA
Jack the Giant Slayer;$27,202,226;3,525;114;Action,Adventure,Fantasy;nm0001741;producer,director,actor
The Bourne Identity;$27,118,640;2,638;119;Action,Mystery,Thriller;nm0510731;producer,director,miscellaneous
A Madea Family Funeral;$27,062,332;2,442;109;Comedy,Drama;nm1347153;writer,director,producer
2 Guns;$27,059,130;3,025;109;Action,Comedy,Thriller;nm0466349;producer,writer,director
Terminator Genisys;$27,018,486;3,758;126;Action,Adventure,Sci-Fi;nm0851930;director,producer,writer
Ender's Game;$27,017,351;3,407;114;Action,Adventure,Sci-Fi;nm0004303;actor,director,producer
The Departed;$26,887,467;3,017;151;Crime,Drama,Thriller;nm0000217;producer,director,actor
Alice Through the Looking Glass;$26,858,726;3,763;113;Adventure,Family,Fantasy;nm0090386;writer,director,producer
Underworld: Evolution;$26,857,181;3,207;106;Action,Fantasy,Thriller;nm0936482;producer,writer,director
The Curious Case of Benjamin Button;$26,853,816;2,988;166;Drama,Fantasy,Romance;nm0000399;producer,director,writer
Zombieland: Double Tap;$26,803,104;3,468;99;Action,Comedy,Horror;nm0281508;producer,director,writer
Knives Out;$26,769,548;3,461;90;Drama;nm0937501;writer,director,producer
Flubber;$26,725,207;2,641;93;Comedy,Family,Sci-Fi;nm0562645;producer,director,camera_department
Dawn of the Dead;$26,722,575;2,745;127;Horror,Thriller;nm0001681;producer,writer,director
The Sixth Sense;$26,681,262;2,161;70;Drama;nm0811914,nm0273203;NA
Resident Evil: Afterlife;$26,650,264;3,203;96;Action,Horror,Sci-Fi;nm0027271;writer,producer,director
The House with a Clock in Its Walls;$26,608,020;3,592;105;Comedy,Family,Fantasy;nm0744834;producer,writer,actor
The Campaign;$26,588,460;3,205;93;Comedy,Drama;nm10700391;director,writer,producer
Spy Kids;$26,546,881;3,104;88;Action,Adventure,Comedy;nm0001675;producer,writer,director
The Pursuit of Happyness;$26,541,709;2,852;117;Biography,Drama;nm0610831;director,writer,producer
Crazy Rich Asians;$26,510,140;3,384;120;Comedy,Drama,Romance;nm0160840;producer,writer,director
Borat;$26,455,463;837;84;Comedy;nm0153078;producer,writer,director
All Eyez on Me;$26,435,354;2,471;139;Biography,Drama,Music;nm1534600;director,producer,writer
We're the Millers;$26,419,396;3,260;110;Comedy,Crime;nm1098493;director,producer,writer
Hollow Man;$26,414,386;2,956;112;Action,Horror,Sci-Fi;nm0000682;director,producer,writer
Don't Breathe;$26,411,706;3,051;86;Documentary;nm0457038;actress,director,writer
Beverly Hills Cop II;$26,348,555;2,326;100;Action,Comedy,Crime;nm0001716;producer,director,actor
The Curse of La Llorona;$26,347,631;3,372;93;Horror,Mystery,Thriller;nm1980431;director,writer,visual_effects
Bridesmaids;$26,247,410;2,918;NA;Comedy,Drama;nm0418729;editor,actor,director
Anchorman 2: The Legend Continues;$26,232,425;3,507;119;Comedy;nm0570912;producer,writer,director
Bolt;$26,223,128;3,651;96;Adventure,Animation,Comedy;nm0397174,nm0930261;NA
The Suicide Squad;$26,205,415;4,002;132;Action,Adventure,Comedy;nm0348181;writer,producer,director
GoldenEye;$26,205,007;2,667;130;Action,Adventure,Thriller;nm0132709;director,producer,actor
The Golden Compass;$26,125,000;3,528;113;Adventure,Family,Fantasy;nm0919363;producer,writer,director
The Help;$26,044,590;2,534;146;Drama;nm0853238;actor,producer,director
Happy Death Day;$26,039,025;3,149;NA;Thriller;nm4718760;director,producer,actor
The Perfect Guy;$25,888,154;2,221;NA;Romance;nm9306397;writer,actress,director
True Lies;$25,869,770;2,368;141;Action,Comedy,Thriller;nm0000116;writer,producer,director
Tropic Thunder;$25,812,796;3,319;107;Action,Comedy,War;nm0001774;producer,actor,director
Evil Dead;$25,775,847;3,025;91;Horror;nm1793079;writer,producer,director
Rocketman;$25,725,722;3,610;70;Documentary;nm1076427;actor,director,editor
Miami Vice;$25,723,815;3,021;132;Action,Adventure,Crime;nm0000520;producer,writer,director
Captain Phillips;$25,718,314;3,020;134;Action,Biography,Crime;nm0339030;director,producer,writer
The A-Team;$25,669,455;3,535;117;Action,Adventure,Crime;nm0138620;producer,writer,director
Big Momma's House;$25,661,041;2,802;99;Action,Comedy,Crime;nm0331532;editor,director,editorial_department
About Last Night;$25,649,011;2,253;113;Comedy,Drama,Romance;nm0001880;producer,writer,director
V for Vendetta;$25,642,340;3,365;132;Action,Drama,Sci-Fi;nm0574625;assistant_director,director,producer
Robin Hood: Prince of Thieves;$25,625,602;2,369;143;Action,Adventure,Drama;nm0721817;director,writer,assistant_director
Son of God;$25,601,865;3,260;80;Documentary;nm1894653,nm1840064;NA
Kill Bill: Vol. 2;$25,600,000;2,971;137;Action,Crime,Thriller;nm0000233;writer,actor,producer
Total Recall;$25,577,758;3,601;113;Action,Adventure,Sci-Fi;nm0000682;director,producer,writer
Battleship;$25,534,825;3,690;131;Action,Adventure,Sci-Fi;nm0000916;producer,actor,writer
Penguins of Madagascar;$25,447,444;3,764;92;Action,Adventure,Animation;nm0201509,nm0971239;NA
The Visit;$25,427,560;3,069;110;Comedy,Romance;nm0682881;writer,director,assistant_director
The Nutty Professor;$25,411,725;2,115;107;Comedy,Romance,Sci-Fi;nm0001471;actor,writer,soundtrack
The Firm;$25,400,000;2,393;154;Drama,Mystery,Thriller;nm0001628;director,producer,actor
Madea's Witness Protection;$25,390,575;2,161;114;Comedy,Crime,Drama;nm1347153;writer,director,producer
Gnomeo & Juliet;$25,356,909;2,994;84;Adventure,Animation,Comedy;nm0038432;art_department,animation_department,director
Apollo 13;$25,353,380;2,197;140;Adventure,Drama,History;nm0000165;producer,actor,writer
Indiana Jones and the Temple of Doom;$25,337,110;1,687;118;Action,Adventure;nm0000229;producer,writer,director
Gone in 60 Seconds;$25,336,048;3,006;105;Action,Crime,Drama;nm0355181;writer,producer,actor
Underworld: Awakening;$25,306,725;3,078;88;Action,Fantasy,Horror;nm0825407,nm0617523;NA
Public Enemies;$25,271,675;3,334;68;Comedy,Crime,Drama;nm0736610;director,producer,writer
Patch Adams;$25,262,280;2,712;115;Biography,Comedy,Drama;nm0001723;producer,director,actor
Date Night;$25,207,599;3,374;88;Comedy,Crime,Romance;nm0506613;producer,director,actor
Tomorrow Never Dies;$25,143,007;2,807;119;Action,Adventure,Thriller;nm0006854;director,producer,editorial_department
Meet the Robinsons;$25,123,781;3,413;95;Adventure,Animation,Comedy;nm0027459;animation_department,director,miscellaneous
Master and Commander: The Far Side of the World;$25,105,990;3,101;138;Action,Adventure,Drama;nm0001837;director,writer,producer
The Rock;$25,069,525;2,392;136;Action,Adventure,Thriller;nm0000881;producer,director,actor
Madea's Big Happy Family;$25,068,677;2,288;106;Comedy,Drama;nm1347153;writer,director,producer
Dr. Dolittle 2;$25,037,039;3,049;87;Comedy,Family,Fantasy;nm0139867;director,producer
Blue Beetle;$25,030,225;3,871;127;Action,Adventure,Sci-Fi;nm3924049;director,producer,writer
Vanilla Sky;$25,015,518;2,742;136;Fantasy,Mystery,Romance;nm0001081;writer,producer,director
Peter Rabbit;$25,010,928;3,725;62;Drama;nm11923499;director,writer
Jack and Jill;$25,003,575;3,438;50;Western;nm0853336;director,actor,producer
Skyscraper;$24,905,015;3,782;68;Drama;nm0383304;writer,director,production_manager
Flight;$24,900,566;1,884;110;Action,Adventure,Romance;nm0001008;director,writer,producer
White House Down;$24,852,258;3,222;131;Action,Drama,Thriller;nm0000386;writer,producer,director
A Good Day to Die Hard;$24,834,845;3,553;98;Action,Thriller;nm0601382;camera_department,director,producer
True Grit;$24,830,443;3,047;128;Adventure,Drama,Western;nm0368871;director,assistant_director,art_department
The Call of the Wild;$24,791,624;3,752;104;Adventure,Family,Western;nm0002175;director,writer,producer
The Other Woman;$24,763,752;3,205;50;Drama;nm0662032;director,producer,actor
Predators;$24,760,882;2,669;NA;\N;nm1075025;director,writer,producer
Zombieland;$24,733,155;3,036;88;Action,Comedy,Horror;nm0281508;producer,director,writer
10 Cloverfield Lane;$24,727,437;3,391;103;Drama,Horror,Mystery;nm0870469;music_department,director,writer
Taken;$24,717,037;3,183;98;Drama,Thriller;nm0279051;director,writer,actor
The Accountant;$24,710,273;3,332;50;Action,Thriller;nm0924455;director,writer,cinematographer
Collateral;$24,701,458;3,188;120;Action,Crime,Drama;nm0000520;producer,writer,director
Congo;$24,642,539;2,649;109;Action,Adventure,Mystery;nm0550881;producer,miscellaneous,director
The Butler;$24,637,312;2,933;132;Biography,Drama;nm0200005;producer,writer,director
The Predator;$24,632,284;4,037;107;Action,Adventure,Horror;nm0000948;writer,actor,director
Flightplan;$24,629,938;3,424;98;Drama,Mystery,Thriller;nm0777881;director,writer,soundtrack
Knowing;$24,604,751;3,332;121;Action,Mystery,Sci-Fi;nm0001639;director,producer,writer
Christopher Robin;$24,585,139;3,602;104;Adventure,Comedy,Drama;nm0286975;producer,director,writer
Eraser;$24,566,446;2,410;115;Action,Crime,Thriller;nm0751080;director,producer,writer
The Girl on the Train;$24,536,265;3,144;97;Drama;nm0029242;writer,director,actor
The Emoji Movie;$24,531,923;4,075;86;Adventure,Animation,Comedy;nm1902232;writer,director,actor
Evil Dead Rise;$24,504,315;3,402;96;Horror;nm2091846;director,writer,producer
Pet Sematary;$24,502,775;3,585;103;Fantasy,Horror,Thriller;nm0005116;director,writer,miscellaneous
Act of Valor;$24,476,632;3,039;110;Action,Adventure,Thriller;nm0566788,nm0915304;NA
Forrest Gump;$24,450,602;1,595;142;Drama,Romance;nm0000709;producer,writer,director
Mean Girls;$24,432,195;2,839;97;Comedy;nm0914132;director,producer,writer
Failure to Launch;$24,411,322;3,057;97;Comedy,Romance;nm0223359;director,camera_department,producer
Race to Witch Mountain;$24,402,214;3,187;98;Action,Adventure,Family;nm0275698;producer,director,actor
Contraband;$24,349,815;2,863;92;Drama;nm0189076;director,writer,producer
The Chronicles of Riddick;$24,289,165;2,757;119;Action,Adventure,Sci-Fi;nm0878638;writer,director,producer
The Haunted Mansion;$24,278,410;3,122;99;Comedy,Family,Fantasy;nm0591450;producer,director,animation_department
The Last Samurai;$24,271,354;2,908;90;Action,Adventure,Drama;nm0562577;writer,miscellaneous,director
TMNT;$24,255,205;3,110;87;Action,Adventure,Animation;nm1083489;art_department,writer,director
No Good Deed;$24,250,283;2,175;97;Crime,Drama,Thriller;nm0706182;producer,director,writer
Barbershop 2: Back in Business;$24,241,612;2,711;106;Comedy,Drama;nm0838198;director,actor,writer
Me, Myself & Irene;$24,209,385;3,019;116;Comedy;nm0125803,nm0268380;NA
Coach Carter;$24,182,961;2,524;136;Biography,Drama,Sport;nm0141961;director,producer,actor
Maze Runner: The Death Cure;$24,167,011;3,787;143;Action,Adventure,Sci-Fi;nm1226871;art_department,director,visual_effects
Warcraft;$24,166,110;3,400;123;Action,Adventure,Fantasy;nm1512910;director,writer,producer
Con Air;$24,131,738;2,824;115;Action,Crime,Thriller;nm0922346;director,producer,actor
Exodus: Gods and Kings;$24,115,934;3,503;150;Action,Adventure,Drama;nm0000631;producer,director,production_designer
White Noise;$24,113,565;2,261;101;Drama,Horror,Mystery;nm0768249;director,actor,miscellaneous
21;$24,105,943;2,648;105;Comedy,Drama,Romance;nm0291209;producer,editor,editorial_department
The Conjuring: The Devil Made Me Do It;$24,104,332;3,102;112;Horror,Mystery,Thriller;nm1980431;director,writer,visual_effects
Haunted Mansion;$24,082,475;3,740;90;Horror;nm0864771;assistant_director,writer,director
Arrival;$24,074,047;2,317;116;Drama,Mystery,Sci-Fi;nm0898288;director,writer,editor
Tower Heist;$24,025,190;3,367;104;Action,Comedy,Crime;nm0711840;producer,director,music_department
Pixels;$24,011,616;3,723;100;Action,Comedy;nm3941893;writer,director,soundtrack
The Chronicles of Narnia: The Voyage of the Dawn Treader;$24,005,069;3,555;113;Adventure,Family,Fantasy;nm0000776;director,producer,miscellaneous
Monster-in-Law;$24,000,000;3,424;101;Comedy,Romance;nm0525659;director,writer,producer
The Fast and the Furious: Tokyo Drift;$23,973,840;3,027;104;Action,Crime,Thriller;nm0510912;producer,director,writer
The Bad Guys;$23,950,245;4,008;NA;\N;\N;NA
Fahrenheit 9/11;$23,920,637;868;122;Documentary,Drama,War;nm0601619;director,producer,writer
Captain Underpants: The First Epic Movie;$23,851,539;3,434;89;Action,Adventure,Animation;nm1659741;writer,miscellaneous,art_department
Bad Moms;$23,817,340;3,215;100;Comedy;nm0601859,nm0524190;NA
The Town;$23,808,032;2,861;125;Crime,Drama,Thriller;nm0000255;producer,actor,writer
How to Lose a Guy in 10 Days;$23,774,850;2,923;116;Comedy,Romance;nm0677953;director,actor,producer
Rise of the Guardians;$23,773,465;3,653;97;Action,Adventure,Animation;nm0709056;art_department,director,producer
Paul Blart: Mall Cop 2;$23,762,435;3,633;94;Action,Comedy,Crime;nm0275698;producer,director,actor
The Fugitive;$23,758,855;2,340;60;Drama,Western;nm0292134;director,writer,assistant_director
Diary of a Wimpy Kid: Rodrick Rules;$23,751,502;3,167;74;Animation,Comedy,Drama;nm1406291,nm0629306;NA
17 Again;$23,722,310;3,255;102;Comedy,Drama,Fantasy;nm0824882;director,actor,writer
Fury;$23,702,421;3,173;90;Adventure,Drama;nm0454771;actor,director,producer
Resident Evil: Extinction;$23,678,580;2,828;94;Action,Horror,Sci-Fi;nm0611683;director,producer,writer
Tomb Raider;$23,633,317;3,854;119;Action,Adventure,Fantasy;nm1012385;director,writer,assistant_director
The Black Phone;$23,633,220;3,150;103;Horror,Mystery,Thriller;nm0220600;producer,director,writer
Open Season;$23,624,548;3,833;100;Action,Drama,Thriller;nm0172772;director,producer,writer
Goosebumps;$23,618,556;3,501;103;Adventure,Comedy,Fantasy;nm1224299;writer,director,producer
The Boss;$23,586,645;3,480;50;Drama;nm0154352;director,actor,writer
Dinner for Schmucks;$23,527,839;2,911;114;Comedy;nm0005366;producer,director,writer
Mary Poppins Returns;$23,523,121;4,090;130;Adventure,Comedy,Family;nm0551128;director,miscellaneous,producer
Dracula Untold;$23,514,615;2,885;92;Action,Drama,Fantasy;nm2411495;director,producer,writer
The Amityville Horror;$23,507,007;3,323;117;Horror;nm0742341;director,producer,production_manager
Be Cool;$23,450,212;3,216;118;Comedy,Crime,Music;nm0336620;director,producer,actor
I Can Do Bad All by Myself;$23,446,785;2,255;113;Comedy,Drama;nm1347153;writer,director,producer
Save the Last Dance;$23,444,930;2,230;112;Drama,Music,Romance;nm0141961;director,producer,actor
Once Upon a Time in Mexico;$23,424,118;3,282;102;Action,Crime,Thriller;nm0001675;producer,writer,director
Face/Off;$23,387,530;2,621;138;Action,Crime,Sci-Fi;nm0000247;director,producer,writer
The Taking of Pelham 123;$23,373,102;3,074;106;Action,Crime,Thriller;nm0001716;producer,director,actor
The Polar Express;$23,323,463;3,650;100;Adventure,Animation,Comedy;nm0000709;producer,writer,director
Mortal Kombat;$23,302,503;3,073;101;Action,Adventure,Fantasy;nm0027271;writer,producer,director
Cocaine Bear;$23,260,790;3,534;95;Comedy,Thriller;nm0006969;actress,producer,director
Pineapple Express;$23,245,025;3,072;111;Action,Comedy,Crime;nm0337773;producer,director,writer
Alvin and the Chipmunks: Chipwrecked;$23,244,744;3,723;87;Adventure,Animation,Comedy;nm0593610;director,writer,actor
Eragon;$23,239,907;3,020;104;Action,Adventure,Family;nm0266777;visual_effects,director,assistant_director
This Is It;$23,234,394;3,481;111;Documentary,Drama,Music;nm0650905;director,miscellaneous,producer
Hellboy;$23,172,440;3,028;122;Action,Adventure,Fantasy;nm0868219;writer,producer,director
Double Jeopardy;$23,162,542;2,547;70;Action,Adventure,Crime;nm0819806;director,assistant_director,production_manager
Jackass Forever;$23,154,388;3,604;96;Action,Comedy,Documentary;nm0871860;writer,producer,director
The Mask;$23,117,068;2,360;50;Comedy,Drama;nm0373614;director,writer
Star Trek: Generations;$23,116,394;2,659;118;Action,Adventure,Mystery;nm0141222;director,producer,writer
Eat Pray Love;$23,104,523;3,082;133;Biography,Drama,Romance;nm0614682;producer,writer,music_department
The League of Extraordinary Gentlemen;$23,075,892;3,002;110;Action,Adventure,Fantasy;nm0635759;special_effects,make_up_department,visual_effects
Smallfoot;$23,045,635;4,131;96;Adventure,Animation,Comedy;nm1134222,nm0456732;NA
Resident Evil: Apocalypse;$23,036,273;3,284;94;Action,Horror,Sci-Fi;nm0936838;camera_department,assistant_director,director
Star Wars: Episode VI - Return of the Jedi;$23,019,618;1,002;131;Action,Adventure,Fantasy;nm0549658;director,producer,writer
27 Dresses;$23,007,725;3,057;111;Comedy,Romance;nm0281945;miscellaneous,director,actress
The Haunting in Connecticut;$23,004,765;2,732;92;Drama,Horror,Mystery;nm1433996;director,writer,producer
DC League of Super-Pets;$23,003,441;4,314;105;Action,Adventure,Animation;nm2972864,nm0505946;NA
The Princess Diaries 2: Royal Engagement;$22,956,453;3,472;113;Comedy,Family,Romance;nm0005190;writer,producer,actor
The Game Plan;$22,950,971;3,103;110;Comedy,Family,Sport;nm0275698;producer,director,actor
Vantage Point;$22,874,936;3,149;90;Action,Crime,Drama;nm0871428;director,writer
Jack Reacher: Never Go Back;$22,872,490;3,780;118;Action,Crime,Drama;nm0001880;producer,writer,director
The Princess Diaries;$22,862,269;2,537;115;Comedy,Family,Romance;nm0005190;writer,producer,actor
Mission to Mars;$22,855,247;3,054;114;Adventure,Sci-Fi,Thriller;nm0000361;director,writer,producer
The Interpreter;$22,822,455;2,758;NA;\N;nm0252751;director,writer,producer
PAW Patrol: The Mighty Movie;$22,764,354;3,989;88;Action,Adventure,Animation;nm2117510;art_department,animation_department,writer
Jackass: The Movie;$22,763,437;2,509;85;Action,Comedy,Documentary;nm0871860;writer,producer,director
Man on Fire;$22,751,490;2,980;95;Drama;nm0532030;writer,director,producer
Mulan;$22,745,143;2,888;87;Adventure,Animation,Comedy;nm0176905,nm0051643;NA
Rugrats in Paris;$22,718,184;2,934;78;Adventure,Animation,Comedy;nm0075010,nm0218450;NA
Insidious: Chapter 3;$22,692,741;3,002;97;Horror,Mystery,Thriller;nm1191481;actor,writer,producer
Unstoppable;$22,688,457;3,207;96;Action,Adventure,Drama;nm0141222;director,producer,writer
Funny People;$22,657,780;3,007;146;Comedy;nm0371059,nm1300431;NA
Black Mass;$22,635,037;3,188;123;Biography,Crime,Drama;nm0178376;actor,director,writer
Poltergeist;$22,620,386;3,240;114;Horror,Thriller;nm0001361;director,writer,producer
The Time Machine;$22,610,437;2,944;103;Adventure,Romance,Sci-Fi;nm0657162;director,producer,cinematographer
Smile;$22,609,925;3,645;113;Comedy;nm0006916;director,producer,actor
Bridge to Terabithia;$22,564,612;3,139;96;Drama,Family,Fantasy;nm0190780;producer,writer,animation_department
Training Day;$22,550,788;2,712;122;Action,Crime,Drama;nm0298807;producer,director,actor
Dick Tracy;$22,543,911;2,332;290;Action,Comedy,Crime;nm0853028,nm0416258;NA
Saw 3D;$22,530,123;2,808;90;Horror,Mystery;nm0340436;editor,editorial_department,director
The Mask of Zorro;$22,525,855;2,515;136;Action,Adventure,Comedy;nm0132709;director,producer,actor
Heaven Is for Real;$22,522,221;2,417;99;Biography,Drama,Family;nm0908824;writer,producer,director
The Lucky One;$22,518,358;3,155;80;Comedy;nm0856915;director,writer,soundtrack
Shallow Hal;$22,518,295;2,770;114;Comedy,Drama,Fantasy;nm0268380,nm0125803;NA
Life of Pi;$22,451,514;2,927;127;Adventure,Drama,Fantasy;nm0000487;director,producer,writer
The Social Network;$22,445,653;2,771;120;Biography,Drama;nm0000399;producer,director,writer
The Patriot;$22,413,710;3,061;50;Western;nm0366586;actor,director,producer
Contagion;$22,403,596;3,222;95;Drama,Sci-Fi;nm0613981;director,producer,cinematographer
Now You See Me 2;$22,383,146;3,232;129;Action,Adventure,Comedy;nm0160840;producer,writer,director
Walk the Line;$22,347,341;2,961;136;Biography,Drama,Music;nm0003506;producer,director,writer
The General's Daughter;$22,332,053;2,856;97;Drama,Romance,War;nm0273356;director,writer,editor
Sing 2;$22,326,230;3,892;110;Adventure,Animation,Comedy;nm2888554,nm1134029;NA
Planes;$22,232,291;3,702;91;Adventure,Animation,Comedy;nm0355806;director,animation_department,miscellaneous
Disturbia;$22,224,982;2,925;105;Crime,Drama,Mystery;nm0142286;director,producer,writer
Legally Blonde 2: Red, White & Blonde;$22,220,670;3,350;95;Comedy;nm0379237;director,actor,producer
Monster House;$22,217,226;3,553;91;Animation,Comedy,Family;nm1481493;director,writer,producer
Freaky Friday;$22,203,007;2,954;95;Comedy,Family,Fantasy;nm0625379;director,assistant_director,producer
Kill Bill: Vol. 1;$22,200,000;3,102;111;Action,Crime,Thriller;nm0000233;writer,actor,producer
Die Hard with a Vengeance;$22,162,245;2,525;128;Action,Adventure,Thriller;nm0001532;director,producer,writer
Poseidon;$22,155,410;3,555;98;Action,Adventure,Thriller;nm0000583;director,producer,writer
Diary of a Wimpy Kid;$22,126,166;3,077;94;Comedy,Drama,Family;nm0294457;director,producer,writer
Ghost Rider: Spirit of Vengeance;$22,115,334;3,174;96;Action,Adventure,Fantasy;nm0004410,nm0962729;NA
It's Complicated;$22,100,820;2,887;121;Comedy,Drama,Romance;nm0583600;writer,producer,director
Ladder 49;$22,088,204;3,260;115;Action,Drama,Thriller;nm0751221;director,producer,writer
Road to Perdition;$22,079,481;1,797;117;Crime,Drama,Thriller;nm0005222;producer,director,miscellaneous
Starship Troopers;$22,058,773;2,971;129;Action,Adventure,Sci-Fi;nm0000682;director,producer,writer
Star Trek: Insurrection;$22,052,836;2,620;103;Action,Adventure,Sci-Fi;nm0000408;actor,director,producer
Chronicle;$22,004,098;2,907;89;Action,Drama,Sci-Fi;nm2503633;writer,director,editor
The Monuments Men;$22,003,433;3,083;118;Comedy,Drama,History;nm0000123;actor,producer,director
Candyman;$22,001,750;3,569;99;Horror,Thriller;nm0741262;director,writer,cinematographer
Hide and Seek;$21,959,233;3,005;63;Documentary,Drama;nm0295453;director,editor,cinematographer
Diary of a Mad Black Woman;$21,905,089;1,483;116;Comedy,Drama,Romance;nm0335337;director,producer,miscellaneous
Inspector Gadget;$21,889,138;2,814;78;Action,Adventure,Comedy;nm0446109;director,producer,writer
Unknown;$21,856,389;3,043;85;Crime,Drama,Mystery;nm1868746;director,producer,actor
Dolittle;$21,844,045;4,155;101;Adventure,Comedy,Family;nm0300866;writer,miscellaneous,director
Stomp the Yard;$21,833,312;2,051;115;Drama,Music,Romance;nm1234893;director,writer,producer
Notting Hill;$21,811,180;2,747;124;Comedy,Drama,Romance;nm0585011;director,writer,producer
Lara Croft: Tomb Raider - The Cradle of Life;$21,783,641;3,222;117;Action,Adventure,Fantasy;nm0000957;cinematographer,camera_department,producer
RED;$21,761,408;3,255;111;Action,Comedy,Crime;nm0777881;director,writer,soundtrack
Neighbors 2: Sorority Rising;$21,760,405;3,384;92;Comedy;nm0831557;producer,writer,director
Underworld;$21,753,759;2,915;80;Crime,Drama,Film-Noir;nm0903049,nm0744504;NA
Die Hard 2;$21,744,661;2,507;124;Action,Thriller;nm0001317;producer,director,writer
Texas Chainsaw;$21,744,470;2,654;92;Horror,Thriller;nm0525141;director,writer,producer
Garfield;$21,727,611;3,094;80;Adventure,Animation,Comedy;nm0382072;director,writer,producer
Shaft;$21,714,757;2,337;100;Action,Crime,Thriller;nm0662953;director,soundtrack,writer
Cats & Dogs;$21,707,617;3,040;87;Action,Adventure,Comedy;nm0349183;director,producer,writer
Eyes Wide Shut;$21,706,163;2,411;159;Drama,Mystery,Thriller;nm0000040;director,writer,producer
Spy Game;$21,689,125;2,770;126;Action,Crime,Thriller;nm0001716;producer,director,actor
Lights Out;$21,688,103;2,818;70;Crime,Drama;nm0763453;director,writer,producer
RoboCop;$21,681,430;3,372;102;Action,Crime,Sci-Fi;nm0000682;director,producer,writer
My Best Friend's Wedding;$21,678,377;2,134;105;Comedy,Drama,Romance;nm0389591;writer,director,assistant_director
Bumblebee;$21,654,047;3,550;114;Action,Adventure,Sci-Fi;nm1325899;animation_department,director,producer
Temptation: Confessions of a Marriage Counselor;$21,641,679;2,047;111;Drama;nm1347153;writer,director,producer
London Has Fallen;$21,635,601;3,490;99;Action,Thriller;nm0619836;director,writer,editor
Little Man;$21,613,176;2,533;90;Drama;nm0720745;actor,director,writer
When a Stranger Calls;$21,607,203;2,999;97;Horror,Mystery,Thriller;nm0910510;director,writer,actor
Fool's Gold;$21,589,295;3,125;NA;Drama;nm0872868;director,writer,actor
Tammy;$21,577,049;3,465;97;Comedy,Romance;nm1229520;actor,producer,writer
Christmas with the Kranks;$21,570,867;3,393;99;Comedy,Family;nm0005387;producer,director,miscellaneous
You, Me and Dupree;$21,525,560;3,131;110;Comedy,Romance;nm0751648,nm0751577;NA
Pete's Dragon;$21,514,095;3,702;128;Adventure,Animation,Comedy;nm0149548,nm0089940;NA
American Reunion;$21,514,080;3,192;90;Documentary;nm0569000;actor,director,producer
Cruella;$21,496,997;3,892;134;Adventure,Comedy,Crime;nm0318916;producer,director,writer
The 40-Year-Old Virgin;$21,422,815;2,845;116;Comedy,Romance;nm0031976;producer,writer,director
The Stepford Wives;$21,406,781;3,057;115;Horror,Mystery,Sci-Fi;nm0285302;actor,writer,director
Good Boys;$21,402,605;3,204;75;Crime,Drama,Romance;nm1937252;director,producer,writer
Safe Haven;$21,401,594;3,223;84;Drama,Thriller;nm1173226;producer,director,production_manager
The Forbidden Kingdom;$21,401,121;3,151;104;Action,Adventure,Fantasy;nm0591450;producer,director,animation_department
The Hitman's Bodyguard;$21,384,504;3,377;118;Action,Comedy,Crime;nm0400850;director,writer,producer
Angel Has Fallen;$21,380,987;3,286;121;Action,Thriller;nm0006846;stunts,director,writer
Ice Age: Collision Course;$21,373,064;3,992;94;Adventure,Animation,Comedy;nm1154886,nm0862211;NA
Why Did I Get Married?;$21,353,789;2,011;113;Comedy,Drama,Romance;nm1347153;writer,director,producer
Turbo;$21,312,625;3,806;96;Adventure,Animation,Comedy;nm1659741;writer,miscellaneous,art_department
Storks;$21,311,407;3,922;NA;Drama;\N;NA
My Bloody Valentine;$21,241,456;2,534;90;Horror,Mystery,Thriller;nm0586198;director,producer,miscellaneous
Happy Feet Two;$21,237,068;3,606;117;Adventure,Animation,Comedy;nm0004306,nm1668276,nm0248495;NA
Demon Slayer: Kimetsu no Yaiba - The Movie: Mugen Train;$21,234,994;1,614;117;Action,Adventure,Animation;nm1417038;animation_department,director,art_department
Boo 2! A Madea Halloween;$21,226,953;2,388;101;Comedy,Drama,Horror;nm1347153;writer,director,producer
Payback;$21,221,526;2,729;90;Action,Comedy,Crime;nm0709527;actor,writer,assistant_director
Four Brothers;$21,176,925;2,533;109;Action,Crime,Drama;nm0005436;producer,writer,director
Waterworld;$21,171,780;2,268;135;Action,Adventure,Sci-Fi;nm0721817;director,writer,assistant_director
The Adjustment Bureau;$21,157,730;2,840;106;Crime,Mystery,Romance;nm1079776;writer,producer,director
Dragon Ball Super: Super Hero;$21,126,919;3,018;100;Action,Adventure,Animation;nm10429652;director,animation_department
The Hitchhiker's Guide to the Galaxy;$21,103,203;3,133;109;Adventure,Comedy,Sci-Fi;nm1134029;director,actor,writer
Bride Wars;$21,058,173;3,226;89;Comedy,Romance;nm0935095;producer,director,editor
13 Going on 30;$21,054,283;3,438;98;Comedy,Fantasy,Romance;nm0935095;producer,director,editor
Resident Evil: Retribution;$21,052,227;3,012;95;Action,Horror,Sci-Fi;nm0027271;writer,producer,director
Project X;$21,051,363;3,055;60;Action,Adventure,Drama;nm0598723;producer,director,production_manager
Law Abiding Citizen;$21,039,502;2,890;109;Action,Crime,Drama;nm0336620;director,producer,actor
